Copyright 1986-2022 Xilinx, Inc. All Rights Reserved. Copyright 2022-2024 Advanced Micro Devices, Inc. All Rights Reserved.
---------------------------------------------------------------------------------------------------------------------------------------------------------------------------------------------------------------------------------------
| Tool Version : Vivado v.2024.1 (lin64) Build 5076996 Wed May 22 18:36:09 MDT 2024
| Date         : Sat May  2 23:09:09 2026
| Host         : DESKTOP-VE06HML running 64-bit Ubuntu 22.04.5 LTS
| Command      : report_timing_summary -max_paths 10 -report_unconstrained -file cnn1d_core_top_timing_summary_routed.rpt -pb cnn1d_core_top_timing_summary_routed.pb -rpx cnn1d_core_top_timing_summary_routed.rpx -warn_on_violation
| Design       : cnn1d_core_top
| Device       : 7k70t-fbv676
| Speed File   : -1  PRODUCTION 1.12 2017-02-17
| Design State : Routed
---------------------------------------------------------------------------------------------------------------------------------------------------------------------------------------------------------------------------------------

Timing Summary Report

------------------------------------------------------------------------------------------------
| Timer Settings
| --------------
------------------------------------------------------------------------------------------------

  Enable Multi Corner Analysis               :  Yes
  Enable Pessimism Removal                   :  Yes
  Pessimism Removal Resolution               :  Nearest Common Node
  Enable Input Delay Default Clock           :  No
  Enable Preset / Clear Arcs                 :  No
  Disable Flight Delays                      :  No
  Ignore I/O Paths                           :  No
  Timing Early Launch at Borrowing Latches   :  No
  Borrow Time for Max Delay Exceptions       :  Yes
  Merge Timing Exceptions                    :  Yes
  Inter-SLR Compensation                     :  Conservative

  Corner  Analyze    Analyze    
  Name    Max Paths  Min Paths  
  ------  ---------  ---------  
  Slow    Yes        Yes        
  Fast    Yes        Yes        


------------------------------------------------------------------------------------------------
| Report Methodology
| ------------------
------------------------------------------------------------------------------------------------

Rule       Severity  Description                    Violations  
---------  --------  -----------------------------  ----------  
DPIR-1     Warning   Asynchronous driver check      266         
SYNTH-10   Warning   Wide multiplier                4           
TIMING-18  Warning   Missing input or output delay  261         

Note: This report is based on the most recent report_methodology run and may not be up-to-date. Run report_methodology on the current design for the latest report.



check_timing report

Table of Contents
-----------------
1. checking no_clock (0)
2. checking constant_clock (0)
3. checking pulse_width_clock (0)
4. checking unconstrained_internal_endpoints (0)
5. checking no_input_delay (218)
6. checking no_output_delay (39)
7. checking multiple_clock (0)
8. checking generated_clocks (0)
9. checking loops (0)
10. checking partial_input_delay (0)
11. checking partial_output_delay (0)
12. checking latch_loops (0)

1. checking no_clock (0)
------------------------
 There are 0 register/latch pins with no clock.


2. checking constant_clock (0)
------------------------------
 There are 0 register/latch pins with constant_clock.


3. checking pulse_width_clock (0)
---------------------------------
 There are 0 register/latch pins which need pulse_width check


4. checking unconstrained_internal_endpoints (0)
------------------------------------------------
 There are 0 pins that are not constrained for maximum delay.

 There are 0 pins that are not constrained for maximum delay due to constant clock.


5. checking no_input_delay (218)
--------------------------------
 There are 218 input ports with no input delay specified. (HIGH)

 There are 0 input ports with no input delay but user has a false path constraint.


6. checking no_output_delay (39)
--------------------------------
 There are 39 ports with no output delay specified. (HIGH)

 There are 0 ports with no output delay but user has a false path constraint

 There are 0 ports with no output delay but with a timing clock defined on it or propagating through it


7. checking multiple_clock (0)
------------------------------
 There are 0 register/latch pins with multiple clocks.


8. checking generated_clocks (0)
--------------------------------
 There are 0 generated clocks that are not connected to a clock source.


9. checking loops (0)
---------------------
 There are 0 combinational loops in the design.


10. checking partial_input_delay (0)
------------------------------------
 There are 0 input ports with partial input delay specified.


11. checking partial_output_delay (0)
-------------------------------------
 There are 0 ports with partial output delay specified.


12. checking latch_loops (0)
----------------------------
 There are 0 combinational latch loops in the design through latch input



------------------------------------------------------------------------------------------------
| Design Timing Summary
| ---------------------
------------------------------------------------------------------------------------------------

    WNS(ns)      TNS(ns)  TNS Failing Endpoints  TNS Total Endpoints      WHS(ns)      THS(ns)  THS Failing Endpoints  THS Total Endpoints     WPWS(ns)     TPWS(ns)  TPWS Failing Endpoints  TPWS Total Endpoints  
    -------      -------  ---------------------  -------------------      -------      -------  ---------------------  -------------------     --------     --------  ----------------------  --------------------  
      2.613        0.000                      0                 1837        0.166        0.000                      0                 1837        9.600        0.000                       0                   464  


All user specified timing constraints are met.


------------------------------------------------------------------------------------------------
| Clock Summary
| -------------
------------------------------------------------------------------------------------------------

Clock  Waveform(ns)       Period(ns)      Frequency(MHz)
-----  ------------       ----------      --------------
clk    {0.000 10.000}     20.000          50.000          


------------------------------------------------------------------------------------------------
| Intra Clock Table
| -----------------
------------------------------------------------------------------------------------------------

Clock             WNS(ns)      TNS(ns)  TNS Failing Endpoints  TNS Total Endpoints      WHS(ns)      THS(ns)  THS Failing Endpoints  THS Total Endpoints     WPWS(ns)     TPWS(ns)  TPWS Failing Endpoints  TPWS Total Endpoints  
-----             -------      -------  ---------------------  -------------------      -------      -------  ---------------------  -------------------     --------     --------  ----------------------  --------------------  
clk                 2.613        0.000                      0                 1837        0.166        0.000                      0                 1837        9.600        0.000                       0                   464  


------------------------------------------------------------------------------------------------
| Inter Clock Table
| -----------------
------------------------------------------------------------------------------------------------

From Clock    To Clock          WNS(ns)      TNS(ns)  TNS Failing Endpoints  TNS Total Endpoints      WHS(ns)      THS(ns)  THS Failing Endpoints  THS Total Endpoints  
----------    --------          -------      -------  ---------------------  -------------------      -------      -------  ---------------------  -------------------  


------------------------------------------------------------------------------------------------
| Other Path Groups Table
| -----------------------
------------------------------------------------------------------------------------------------

Path Group    From Clock    To Clock          WNS(ns)      TNS(ns)  TNS Failing Endpoints  TNS Total Endpoints      WHS(ns)      THS(ns)  THS Failing Endpoints  THS Total Endpoints  
----------    ----------    --------          -------      -------  ---------------------  -------------------      -------      -------  ---------------------  -------------------  


------------------------------------------------------------------------------------------------
| User Ignored Path Table
| -----------------------
------------------------------------------------------------------------------------------------

Path Group    From Clock    To Clock    
----------    ----------    --------    


------------------------------------------------------------------------------------------------
| Unconstrained Path Table
| ------------------------
------------------------------------------------------------------------------------------------

Path Group    From Clock    To Clock    
----------    ----------    --------    
(none)                                    
(none)        clk                         
(none)                      clk           


------------------------------------------------------------------------------------------------
| Timing Details
| --------------
------------------------------------------------------------------------------------------------


---------------------------------------------------------------------------------------------------
From Clock:  clk
  To Clock:  clk

Setup :            0  Failing Endpoints,  Worst Slack        2.613ns,  Total Violation        0.000ns
Hold  :            0  Failing Endpoints,  Worst Slack        0.166ns,  Total Violation        0.000ns
PW    :            0  Failing Endpoints,  Worst Slack        9.600ns,  Total Violation        0.000ns
---------------------------------------------------------------------------------------------------


Max Delay Paths
--------------------------------------------------------------------------------------
Slack (MET) :             2.613ns  (required time - arrival time)
  Source:                 u_bias_scale_bank/u_mult_bram/mem_reg_0/CLKBWRCLK
                            (rising edge-triggered cell RAMB36E1 clocked by clk  {rise@0.000ns fall@10.000ns period=20.000ns})
  Destination:            post_data_q_reg[2]/D
                            (rising edge-triggered cell FDCE clocked by clk  {rise@0.000ns fall@10.000ns period=20.000ns})
  Path Group:             clk
  Path Type:              Setup (Max at Slow Process Corner)
  Requirement:            20.000ns  (clk rise@20.000ns - clk rise@0.000ns)
  Data Path Delay:        17.188ns  (logic 10.427ns (60.666%)  route 6.761ns (39.334%))
  Logic Levels:           40  (CARRY4=30 DSP48E1=2 LUT2=2 LUT3=1 LUT5=1 LUT6=4)
  Clock Path Skew:        -0.060ns (DCD - SCD + CPR)
    Destination Clock Delay (DCD):    4.166ns = ( 24.166 - 20.000 ) 
    Source Clock Delay      (SCD):    4.541ns
    Clock Pessimism Removal (CPR):    0.316ns
  Clock Uncertainty:      0.035ns  ((TSJ^2 + TIJ^2)^1/2 + DJ) / 2 + PE
    Total System Jitter     (TSJ):    0.071ns
    Total Input Jitter      (TIJ):    0.000ns
    Discrete Jitter          (DJ):    0.000ns
    Phase Error              (PE):    0.000ns

    Location             Delay type                Incr(ns)  Path(ns)    Netlist Resource(s)
  -------------------------------------------------------------------    -------------------
                         (clock clk rise edge)        0.000     0.000 r  
    AA9                                               0.000     0.000 r  clk (IN)
                         net (fo=0)                   0.000     0.000    clk
    AA9                  IBUF (Prop_ibuf_I_O)         0.674     0.674 r  clk_IBUF_inst/O
                         net (fo=1, routed)           2.122     2.796    clk_IBUF
    BUFGCTRL_X0Y0        BUFG (Prop_bufg_I_O)         0.120     2.916 r  clk_IBUF_BUFG_inst/O
                         net (fo=463, routed)         1.626     4.541    u_bias_scale_bank/u_mult_bram/clk_IBUF_BUFG
    RAMB36_X0Y7          RAMB36E1                                     r  u_bias_scale_bank/u_mult_bram/mem_reg_0/CLKBWRCLK
  -------------------------------------------------------------------    -------------------
    RAMB36_X0Y7          RAMB36E1 (Prop_ramb36e1_CLKBWRCLK_DOBDO[7])
                                                      2.080     6.621 r  u_bias_scale_bank/u_mult_bram/mem_reg_0/DOBDO[7]
                         net (fo=2, routed)           0.798     7.419    u_requantize/round_s0__0_0[7]
    DSP48_X0Y15          DSP48E1 (Prop_dsp48e1_B[7]_PCOUT[47])
                                                      3.264    10.683 r  u_requantize/round_s0__1/PCOUT[47]
                         net (fo=1, routed)           0.000    10.683    u_requantize/round_s0__1_n_106
    DSP48_X0Y16          DSP48E1 (Prop_dsp48e1_PCIN[47]_P[0])
                                                      1.286    11.969 r  u_requantize/round_s0__2/P[0]
                         net (fo=2, routed)           0.546    12.515    u_requantize/round_s0__2_n_105
    SLICE_X12Y39         LUT2 (Prop_lut2_I0_O)        0.053    12.568 r  u_requantize/round_s0_carry_i_3/O
                         net (fo=1, routed)           0.000    12.568    u_requantize/round_s0_carry_i_3_n_0
    SLICE_X12Y39         CARRY4 (Prop_carry4_S[1]_CO[3])
                                                      0.310    12.878 r  u_requantize/round_s0_carry/CO[3]
                         net (fo=1, routed)           0.000    12.878    u_requantize/round_s0_carry_n_0
    SLICE_X12Y40         CARRY4 (Prop_carry4_CI_CO[3])
                                                      0.060    12.938 r  u_requantize/round_s0_carry__0/CO[3]
                         net (fo=1, routed)           0.000    12.938    u_requantize/round_s0_carry__0_n_0
    SLICE_X12Y41         CARRY4 (Prop_carry4_CI_CO[3])
                                                      0.060    12.998 r  u_requantize/round_s0_carry__1/CO[3]
                         net (fo=1, routed)           0.000    12.998    u_requantize/round_s0_carry__1_n_0
    SLICE_X12Y42         CARRY4 (Prop_carry4_CI_CO[3])
                                                      0.060    13.058 r  u_requantize/round_s0_carry__2/CO[3]
                         net (fo=1, routed)           0.000    13.058    u_requantize/round_s0_carry__2_n_0
    SLICE_X12Y43         CARRY4 (Prop_carry4_CI_CO[3])
                                                      0.060    13.118 r  u_requantize/round_s0_carry__3/CO[3]
                         net (fo=1, routed)           0.000    13.118    u_requantize/round_s0_carry__3_n_0
    SLICE_X12Y44         CARRY4 (Prop_carry4_CI_CO[3])
                                                      0.060    13.178 r  u_requantize/round_s0_carry__4/CO[3]
                         net (fo=1, routed)           0.000    13.178    u_requantize/round_s0_carry__4_n_0
    SLICE_X12Y45         CARRY4 (Prop_carry4_CI_CO[3])
                                                      0.060    13.238 r  u_requantize/round_s0_carry__5/CO[3]
                         net (fo=1, routed)           0.000    13.238    u_requantize/round_s0_carry__5_n_0
    SLICE_X12Y46         CARRY4 (Prop_carry4_CI_CO[3])
                                                      0.060    13.298 r  u_requantize/round_s0_carry__6/CO[3]
                         net (fo=1, routed)           0.000    13.298    u_requantize/round_s0_carry__6_n_0
    SLICE_X12Y47         CARRY4 (Prop_carry4_CI_CO[3])
                                                      0.060    13.358 r  u_requantize/round_s0_carry__7/CO[3]
                         net (fo=1, routed)           0.000    13.358    u_requantize/round_s0_carry__7_n_0
    SLICE_X12Y48         CARRY4 (Prop_carry4_CI_CO[3])
                                                      0.060    13.418 r  u_requantize/round_s0_carry__8/CO[3]
                         net (fo=1, routed)           0.000    13.418    u_requantize/round_s0_carry__8_n_0
    SLICE_X12Y49         CARRY4 (Prop_carry4_CI_CO[3])
                                                      0.060    13.478 r  u_requantize/round_s0_carry__9/CO[3]
                         net (fo=1, routed)           0.001    13.479    u_requantize/round_s0_carry__9_n_0
    SLICE_X12Y50         CARRY4 (Prop_carry4_CI_O[3])
                                                      0.181    13.660 r  u_requantize/round_s0_carry__10/O[3]
                         net (fo=32, routed)          0.506    14.166    u_bias_scale_bank/u_shift_bram/round_s0__3[47]
    SLICE_X10Y47         LUT6 (Prop_lut6_I5_O)        0.142    14.308 r  u_bias_scale_bank/u_shift_bram/data_o20_carry_i_1/O
                         net (fo=64, routed)          0.850    15.158    u_requantize/post_data_q[0]_i_5_0
    SLICE_X11Y35         CARRY4 (Prop_carry4_DI[0]_CO[3])
                                                      0.346    15.504 r  u_requantize/data_o20_carry/CO[3]
                         net (fo=1, routed)           0.000    15.504    u_requantize/data_o20_carry_n_0
    SLICE_X11Y36         CARRY4 (Prop_carry4_CI_CO[3])
                                                      0.058    15.562 r  u_requantize/data_o20_carry__0/CO[3]
                         net (fo=1, routed)           0.000    15.562    u_requantize/data_o20_carry__0_n_0
    SLICE_X11Y37         CARRY4 (Prop_carry4_CI_CO[3])
                                                      0.058    15.620 r  u_requantize/data_o20_carry__1/CO[3]
                         net (fo=1, routed)           0.000    15.620    u_requantize/data_o20_carry__1_n_0
    SLICE_X11Y38         CARRY4 (Prop_carry4_CI_CO[3])
                                                      0.058    15.678 r  u_requantize/data_o20_carry__2/CO[3]
                         net (fo=1, routed)           0.000    15.678    u_requantize/data_o20_carry__2_n_0
    SLICE_X11Y39         CARRY4 (Prop_carry4_CI_CO[3])
                                                      0.058    15.736 r  u_requantize/data_o20_carry__3/CO[3]
                         net (fo=1, routed)           0.000    15.736    u_requantize/data_o20_carry__3_n_0
    SLICE_X11Y40         CARRY4 (Prop_carry4_CI_CO[3])
                                                      0.058    15.794 r  u_requantize/data_o20_carry__4/CO[3]
                         net (fo=1, routed)           0.000    15.794    u_requantize/data_o20_carry__4_n_0
    SLICE_X11Y41         CARRY4 (Prop_carry4_CI_CO[3])
                                                      0.058    15.852 r  u_requantize/data_o20_carry__5/CO[3]
                         net (fo=1, routed)           0.000    15.852    u_requantize/data_o20_carry__5_n_0
    SLICE_X11Y42         CARRY4 (Prop_carry4_CI_CO[3])
                                                      0.058    15.910 r  u_requantize/data_o20_carry__6/CO[3]
                         net (fo=1, routed)           0.000    15.910    u_requantize/data_o20_carry__6_n_0
    SLICE_X11Y43         CARRY4 (Prop_carry4_CI_CO[3])
                                                      0.058    15.968 r  u_requantize/data_o20_carry__7/CO[3]
                         net (fo=1, routed)           0.000    15.968    u_requantize/data_o20_carry__7_n_0
    SLICE_X11Y44         CARRY4 (Prop_carry4_CI_O[1])
                                                      0.213    16.181 f  u_requantize/data_o20_carry__8/O[1]
                         net (fo=4, routed)           0.621    16.801    u_requantize/mem_reg_0[1]
    SLICE_X5Y40          LUT6 (Prop_lut6_I0_O)        0.152    16.953 f  u_requantize/data_o1_carry_i_23/O
                         net (fo=4, routed)           0.355    17.308    u_requantize/data_o1_carry_i_23_n_0
    SLICE_X4Y40          LUT6 (Prop_lut6_I0_O)        0.053    17.361 f  u_requantize/i__carry_i_9__0/O
                         net (fo=4, routed)           0.893    18.255    u_requantize/mem_reg_0_8
    SLICE_X16Y40         LUT3 (Prop_lut3_I2_O)        0.065    18.320 r  u_requantize/post_data_q[7]_i_2/O
                         net (fo=4, routed)           0.484    18.803    u_requantize/data_o1_carry_i_4_n_0
    SLICE_X14Y40         LUT2 (Prop_lut2_I1_O)        0.168    18.971 r  u_requantize/i__carry_i_8__0/O
                         net (fo=1, routed)           0.000    18.971    u_requantize/i__carry_i_8__0_n_0
    SLICE_X14Y40         CARRY4 (Prop_carry4_S[0]_CO[3])
                                                      0.297    19.268 r  u_requantize/data_o1_inferred__0/i__carry/CO[3]
                         net (fo=1, routed)           0.000    19.268    u_requantize/data_o1_inferred__0/i__carry_n_0
    SLICE_X14Y41         CARRY4 (Prop_carry4_CI_CO[3])
                                                      0.060    19.328 r  u_requantize/data_o1_inferred__0/i__carry__0/CO[3]
                         net (fo=1, routed)           0.000    19.328    u_requantize/data_o1_inferred__0/i__carry__0_n_0
    SLICE_X14Y42         CARRY4 (Prop_carry4_CI_CO[3])
                                                      0.060    19.388 r  u_requantize/data_o1_inferred__0/i__carry__1/CO[3]
                         net (fo=1, routed)           0.000    19.388    u_requantize/data_o1_inferred__0/i__carry__1_n_0
    SLICE_X14Y43         CARRY4 (Prop_carry4_CI_CO[3])
                                                      0.060    19.448 r  u_requantize/data_o1_inferred__0/i__carry__2/CO[3]
                         net (fo=1, routed)           0.000    19.448    u_requantize/data_o1_inferred__0/i__carry__2_n_0
    SLICE_X14Y44         CARRY4 (Prop_carry4_CI_CO[3])
                                                      0.060    19.508 r  u_requantize/data_o1_inferred__0/i__carry__3/CO[3]
                         net (fo=1, routed)           0.000    19.508    u_requantize/data_o1_inferred__0/i__carry__3_n_0
    SLICE_X14Y45         CARRY4 (Prop_carry4_CI_CO[3])
                                                      0.060    19.568 r  u_requantize/data_o1_inferred__0/i__carry__4/CO[3]
                         net (fo=1, routed)           0.000    19.568    u_requantize/data_o1_inferred__0/i__carry__4_n_0
    SLICE_X14Y46         CARRY4 (Prop_carry4_CI_CO[3])
                                                      0.060    19.628 r  u_requantize/data_o1_inferred__0/i__carry__5/CO[3]
                         net (fo=1, routed)           0.000    19.628    u_requantize/data_o1_inferred__0/i__carry__5_n_0
    SLICE_X14Y47         CARRY4 (Prop_carry4_CI_CO[0])
                                                      0.173    19.801 r  u_requantize/data_o1_inferred__0/i__carry__6/CO[0]
                         net (fo=9, routed)           0.572    20.373    u_bias_scale_bank/u_shift_bram/post_data_q_reg[6]_1[0]
    SLICE_X8Y40          LUT6 (Prop_lut6_I4_O)        0.153    20.526 r  u_bias_scale_bank/u_shift_bram/post_data_q[6]_i_2/O
                         net (fo=7, routed)           0.595    21.121    u_layer_desc_regs/post_data_q_reg[0]
    SLICE_X9Y39          LUT5 (Prop_lut5_I3_O)        0.067    21.188 r  u_layer_desc_regs/post_data_q[2]_i_1/O
                         net (fo=1, routed)           0.540    21.729    p_0_in[2]
    SLICE_X12Y39         FDCE                                         r  post_data_q_reg[2]/D
  -------------------------------------------------------------------    -------------------

                         (clock clk rise edge)       20.000    20.000 r  
    AA9                                               0.000    20.000 r  clk (IN)
                         net (fo=0)                   0.000    20.000    clk
    AA9                  IBUF (Prop_ibuf_I_O)         0.549    20.549 r  clk_IBUF_inst/O
                         net (fo=1, routed)           2.022    22.571    clk_IBUF
    BUFGCTRL_X0Y0        BUFG (Prop_bufg_I_O)         0.113    22.684 r  clk_IBUF_BUFG_inst/O
                         net (fo=463, routed)         1.482    24.166    clk_IBUF_BUFG
    SLICE_X12Y39         FDCE                                         r  post_data_q_reg[2]/C
                         clock pessimism              0.316    24.482    
                         clock uncertainty           -0.035    24.446    
    SLICE_X12Y39         FDCE (Setup_fdce_C_D)       -0.105    24.341    post_data_q_reg[2]
  -------------------------------------------------------------------
                         required time                         24.341    
                         arrival time                         -21.729    
  -------------------------------------------------------------------
                         slack                                  2.613    

Slack (MET) :             2.656ns  (required time - arrival time)
  Source:                 u_bias_scale_bank/u_mult_bram/mem_reg_0/CLKBWRCLK
                            (rising edge-triggered cell RAMB36E1 clocked by clk  {rise@0.000ns fall@10.000ns period=20.000ns})
  Destination:            post_data_q_reg[1]/D
                            (rising edge-triggered cell FDCE clocked by clk  {rise@0.000ns fall@10.000ns period=20.000ns})
  Path Group:             clk
  Path Type:              Setup (Max at Slow Process Corner)
  Requirement:            20.000ns  (clk rise@20.000ns - clk rise@0.000ns)
  Data Path Delay:        17.215ns  (logic 10.413ns (60.488%)  route 6.802ns (39.512%))
  Logic Levels:           40  (CARRY4=30 DSP48E1=2 LUT2=2 LUT3=1 LUT5=2 LUT6=3)
  Clock Path Skew:        -0.060ns (DCD - SCD + CPR)
    Destination Clock Delay (DCD):    4.166ns = ( 24.166 - 20.000 ) 
    Source Clock Delay      (SCD):    4.541ns
    Clock Pessimism Removal (CPR):    0.316ns
  Clock Uncertainty:      0.035ns  ((TSJ^2 + TIJ^2)^1/2 + DJ) / 2 + PE
    Total System Jitter     (TSJ):    0.071ns
    Total Input Jitter      (TIJ):    0.000ns
    Discrete Jitter          (DJ):    0.000ns
    Phase Error              (PE):    0.000ns

    Location             Delay type                Incr(ns)  Path(ns)    Netlist Resource(s)
  -------------------------------------------------------------------    -------------------
                         (clock clk rise edge)        0.000     0.000 r  
    AA9                                               0.000     0.000 r  clk (IN)
                         net (fo=0)                   0.000     0.000    clk
    AA9                  IBUF (Prop_ibuf_I_O)         0.674     0.674 r  clk_IBUF_inst/O
                         net (fo=1, routed)           2.122     2.796    clk_IBUF
    BUFGCTRL_X0Y0        BUFG (Prop_bufg_I_O)         0.120     2.916 r  clk_IBUF_BUFG_inst/O
                         net (fo=463, routed)         1.626     4.541    u_bias_scale_bank/u_mult_bram/clk_IBUF_BUFG
    RAMB36_X0Y7          RAMB36E1                                     r  u_bias_scale_bank/u_mult_bram/mem_reg_0/CLKBWRCLK
  -------------------------------------------------------------------    -------------------
    RAMB36_X0Y7          RAMB36E1 (Prop_ramb36e1_CLKBWRCLK_DOBDO[7])
                                                      2.080     6.621 r  u_bias_scale_bank/u_mult_bram/mem_reg_0/DOBDO[7]
                         net (fo=2, routed)           0.798     7.419    u_requantize/round_s0__0_0[7]
    DSP48_X0Y15          DSP48E1 (Prop_dsp48e1_B[7]_PCOUT[47])
                                                      3.264    10.683 r  u_requantize/round_s0__1/PCOUT[47]
                         net (fo=1, routed)           0.000    10.683    u_requantize/round_s0__1_n_106
    DSP48_X0Y16          DSP48E1 (Prop_dsp48e1_PCIN[47]_P[0])
                                                      1.286    11.969 r  u_requantize/round_s0__2/P[0]
                         net (fo=2, routed)           0.546    12.515    u_requantize/round_s0__2_n_105
    SLICE_X12Y39         LUT2 (Prop_lut2_I0_O)        0.053    12.568 r  u_requantize/round_s0_carry_i_3/O
                         net (fo=1, routed)           0.000    12.568    u_requantize/round_s0_carry_i_3_n_0
    SLICE_X12Y39         CARRY4 (Prop_carry4_S[1]_CO[3])
                                                      0.310    12.878 r  u_requantize/round_s0_carry/CO[3]
                         net (fo=1, routed)           0.000    12.878    u_requantize/round_s0_carry_n_0
    SLICE_X12Y40         CARRY4 (Prop_carry4_CI_CO[3])
                                                      0.060    12.938 r  u_requantize/round_s0_carry__0/CO[3]
                         net (fo=1, routed)           0.000    12.938    u_requantize/round_s0_carry__0_n_0
    SLICE_X12Y41         CARRY4 (Prop_carry4_CI_CO[3])
                                                      0.060    12.998 r  u_requantize/round_s0_carry__1/CO[3]
                         net (fo=1, routed)           0.000    12.998    u_requantize/round_s0_carry__1_n_0
    SLICE_X12Y42         CARRY4 (Prop_carry4_CI_CO[3])
                                                      0.060    13.058 r  u_requantize/round_s0_carry__2/CO[3]
                         net (fo=1, routed)           0.000    13.058    u_requantize/round_s0_carry__2_n_0
    SLICE_X12Y43         CARRY4 (Prop_carry4_CI_CO[3])
                                                      0.060    13.118 r  u_requantize/round_s0_carry__3/CO[3]
                         net (fo=1, routed)           0.000    13.118    u_requantize/round_s0_carry__3_n_0
    SLICE_X12Y44         CARRY4 (Prop_carry4_CI_CO[3])
                                                      0.060    13.178 r  u_requantize/round_s0_carry__4/CO[3]
                         net (fo=1, routed)           0.000    13.178    u_requantize/round_s0_carry__4_n_0
    SLICE_X12Y45         CARRY4 (Prop_carry4_CI_CO[3])
                                                      0.060    13.238 r  u_requantize/round_s0_carry__5/CO[3]
                         net (fo=1, routed)           0.000    13.238    u_requantize/round_s0_carry__5_n_0
    SLICE_X12Y46         CARRY4 (Prop_carry4_CI_CO[3])
                                                      0.060    13.298 r  u_requantize/round_s0_carry__6/CO[3]
                         net (fo=1, routed)           0.000    13.298    u_requantize/round_s0_carry__6_n_0
    SLICE_X12Y47         CARRY4 (Prop_carry4_CI_CO[3])
                                                      0.060    13.358 r  u_requantize/round_s0_carry__7/CO[3]
                         net (fo=1, routed)           0.000    13.358    u_requantize/round_s0_carry__7_n_0
    SLICE_X12Y48         CARRY4 (Prop_carry4_CI_CO[3])
                                                      0.060    13.418 r  u_requantize/round_s0_carry__8/CO[3]
                         net (fo=1, routed)           0.000    13.418    u_requantize/round_s0_carry__8_n_0
    SLICE_X12Y49         CARRY4 (Prop_carry4_CI_CO[3])
                                                      0.060    13.478 r  u_requantize/round_s0_carry__9/CO[3]
                         net (fo=1, routed)           0.001    13.479    u_requantize/round_s0_carry__9_n_0
    SLICE_X12Y50         CARRY4 (Prop_carry4_CI_O[3])
                                                      0.181    13.660 r  u_requantize/round_s0_carry__10/O[3]
                         net (fo=32, routed)          0.506    14.166    u_bias_scale_bank/u_shift_bram/round_s0__3[47]
    SLICE_X10Y47         LUT6 (Prop_lut6_I5_O)        0.142    14.308 r  u_bias_scale_bank/u_shift_bram/data_o20_carry_i_1/O
                         net (fo=64, routed)          0.850    15.158    u_requantize/post_data_q[0]_i_5_0
    SLICE_X11Y35         CARRY4 (Prop_carry4_DI[0]_CO[3])
                                                      0.346    15.504 r  u_requantize/data_o20_carry/CO[3]
                         net (fo=1, routed)           0.000    15.504    u_requantize/data_o20_carry_n_0
    SLICE_X11Y36         CARRY4 (Prop_carry4_CI_CO[3])
                                                      0.058    15.562 r  u_requantize/data_o20_carry__0/CO[3]
                         net (fo=1, routed)           0.000    15.562    u_requantize/data_o20_carry__0_n_0
    SLICE_X11Y37         CARRY4 (Prop_carry4_CI_CO[3])
                                                      0.058    15.620 r  u_requantize/data_o20_carry__1/CO[3]
                         net (fo=1, routed)           0.000    15.620    u_requantize/data_o20_carry__1_n_0
    SLICE_X11Y38         CARRY4 (Prop_carry4_CI_CO[3])
                                                      0.058    15.678 r  u_requantize/data_o20_carry__2/CO[3]
                         net (fo=1, routed)           0.000    15.678    u_requantize/data_o20_carry__2_n_0
    SLICE_X11Y39         CARRY4 (Prop_carry4_CI_CO[3])
                                                      0.058    15.736 r  u_requantize/data_o20_carry__3/CO[3]
                         net (fo=1, routed)           0.000    15.736    u_requantize/data_o20_carry__3_n_0
    SLICE_X11Y40         CARRY4 (Prop_carry4_CI_CO[3])
                                                      0.058    15.794 r  u_requantize/data_o20_carry__4/CO[3]
                         net (fo=1, routed)           0.000    15.794    u_requantize/data_o20_carry__4_n_0
    SLICE_X11Y41         CARRY4 (Prop_carry4_CI_CO[3])
                                                      0.058    15.852 r  u_requantize/data_o20_carry__5/CO[3]
                         net (fo=1, routed)           0.000    15.852    u_requantize/data_o20_carry__5_n_0
    SLICE_X11Y42         CARRY4 (Prop_carry4_CI_CO[3])
                                                      0.058    15.910 r  u_requantize/data_o20_carry__6/CO[3]
                         net (fo=1, routed)           0.000    15.910    u_requantize/data_o20_carry__6_n_0
    SLICE_X11Y43         CARRY4 (Prop_carry4_CI_CO[3])
                                                      0.058    15.968 r  u_requantize/data_o20_carry__7/CO[3]
                         net (fo=1, routed)           0.000    15.968    u_requantize/data_o20_carry__7_n_0
    SLICE_X11Y44         CARRY4 (Prop_carry4_CI_O[1])
                                                      0.213    16.181 f  u_requantize/data_o20_carry__8/O[1]
                         net (fo=4, routed)           0.621    16.801    u_requantize/mem_reg_0[1]
    SLICE_X5Y40          LUT6 (Prop_lut6_I0_O)        0.152    16.953 f  u_requantize/data_o1_carry_i_23/O
                         net (fo=4, routed)           0.355    17.308    u_requantize/data_o1_carry_i_23_n_0
    SLICE_X4Y40          LUT6 (Prop_lut6_I0_O)        0.053    17.361 f  u_requantize/i__carry_i_9__0/O
                         net (fo=4, routed)           0.893    18.255    u_requantize/mem_reg_0_8
    SLICE_X16Y40         LUT3 (Prop_lut3_I2_O)        0.065    18.320 r  u_requantize/post_data_q[7]_i_2/O
                         net (fo=4, routed)           0.484    18.803    u_requantize/data_o1_carry_i_4_n_0
    SLICE_X14Y40         LUT2 (Prop_lut2_I1_O)        0.168    18.971 r  u_requantize/i__carry_i_8__0/O
                         net (fo=1, routed)           0.000    18.971    u_requantize/i__carry_i_8__0_n_0
    SLICE_X14Y40         CARRY4 (Prop_carry4_S[0]_CO[3])
                                                      0.297    19.268 r  u_requantize/data_o1_inferred__0/i__carry/CO[3]
                         net (fo=1, routed)           0.000    19.268    u_requantize/data_o1_inferred__0/i__carry_n_0
    SLICE_X14Y41         CARRY4 (Prop_carry4_CI_CO[3])
                                                      0.060    19.328 r  u_requantize/data_o1_inferred__0/i__carry__0/CO[3]
                         net (fo=1, routed)           0.000    19.328    u_requantize/data_o1_inferred__0/i__carry__0_n_0
    SLICE_X14Y42         CARRY4 (Prop_carry4_CI_CO[3])
                                                      0.060    19.388 r  u_requantize/data_o1_inferred__0/i__carry__1/CO[3]
                         net (fo=1, routed)           0.000    19.388    u_requantize/data_o1_inferred__0/i__carry__1_n_0
    SLICE_X14Y43         CARRY4 (Prop_carry4_CI_CO[3])
                                                      0.060    19.448 r  u_requantize/data_o1_inferred__0/i__carry__2/CO[3]
                         net (fo=1, routed)           0.000    19.448    u_requantize/data_o1_inferred__0/i__carry__2_n_0
    SLICE_X14Y44         CARRY4 (Prop_carry4_CI_CO[3])
                                                      0.060    19.508 r  u_requantize/data_o1_inferred__0/i__carry__3/CO[3]
                         net (fo=1, routed)           0.000    19.508    u_requantize/data_o1_inferred__0/i__carry__3_n_0
    SLICE_X14Y45         CARRY4 (Prop_carry4_CI_CO[3])
                                                      0.060    19.568 r  u_requantize/data_o1_inferred__0/i__carry__4/CO[3]
                         net (fo=1, routed)           0.000    19.568    u_requantize/data_o1_inferred__0/i__carry__4_n_0
    SLICE_X14Y46         CARRY4 (Prop_carry4_CI_CO[3])
                                                      0.060    19.628 r  u_requantize/data_o1_inferred__0/i__carry__5/CO[3]
                         net (fo=1, routed)           0.000    19.628    u_requantize/data_o1_inferred__0/i__carry__5_n_0
    SLICE_X14Y47         CARRY4 (Prop_carry4_CI_CO[0])
                                                      0.173    19.801 r  u_requantize/data_o1_inferred__0/i__carry__6/CO[0]
                         net (fo=9, routed)           0.760    20.561    u_bias_scale_bank/u_shift_bram/post_data_q_reg[6]_1[0]
    SLICE_X8Y39          LUT5 (Prop_lut5_I0_O)        0.153    20.714 f  u_bias_scale_bank/u_shift_bram/post_data_q[1]_i_2/O
                         net (fo=1, routed)           0.530    21.245    u_layer_desc_regs/post_data_q_reg[1]
    SLICE_X14Y39         LUT5 (Prop_lut5_I4_O)        0.053    21.298 r  u_layer_desc_regs/post_data_q[1]_i_1/O
                         net (fo=1, routed)           0.458    21.756    p_0_in[1]
    SLICE_X15Y39         FDCE                                         r  post_data_q_reg[1]/D
  -------------------------------------------------------------------    -------------------

                         (clock clk rise edge)       20.000    20.000 r  
    AA9                                               0.000    20.000 r  clk (IN)
                         net (fo=0)                   0.000    20.000    clk
    AA9                  IBUF (Prop_ibuf_I_O)         0.549    20.549 r  clk_IBUF_inst/O
                         net (fo=1, routed)           2.022    22.571    clk_IBUF
    BUFGCTRL_X0Y0        BUFG (Prop_bufg_I_O)         0.113    22.684 r  clk_IBUF_BUFG_inst/O
                         net (fo=463, routed)         1.482    24.166    clk_IBUF_BUFG
    SLICE_X15Y39         FDCE                                         r  post_data_q_reg[1]/C
                         clock pessimism              0.316    24.482    
                         clock uncertainty           -0.035    24.446    
    SLICE_X15Y39         FDCE (Setup_fdce_C_D)       -0.034    24.412    post_data_q_reg[1]
  -------------------------------------------------------------------
                         required time                         24.412    
                         arrival time                         -21.756    
  -------------------------------------------------------------------
                         slack                                  2.656    

Slack (MET) :             2.970ns  (required time - arrival time)
  Source:                 u_layer_desc_regs/op_o_reg[0]/C
                            (rising edge-triggered cell FDCE clocked by clk  {rise@0.000ns fall@10.000ns period=20.000ns})
  Destination:            u_weight_bank/u_weight_bram/mem_reg_0_1/ADDRBWRADDR[9]
                            (rising edge-triggered cell RAMB36E1 clocked by clk  {rise@0.000ns fall@10.000ns period=20.000ns})
  Path Group:             clk
  Path Type:              Setup (Max at Slow Process Corner)
  Requirement:            20.000ns  (clk rise@20.000ns - clk rise@0.000ns)
  Data Path Delay:        16.156ns  (logic 6.796ns (42.066%)  route 9.360ns (57.934%))
  Logic Levels:           5  (DSP48E1=3 LUT4=2)
  Clock Path Skew:        -0.360ns (DCD - SCD + CPR)
    Destination Clock Delay (DCD):    3.979ns = ( 23.979 - 20.000 ) 
    Source Clock Delay      (SCD):    4.572ns
    Clock Pessimism Removal (CPR):    0.232ns
  Clock Uncertainty:      0.035ns  ((TSJ^2 + TIJ^2)^1/2 + DJ) / 2 + PE
    Total System Jitter     (TSJ):    0.071ns
    Total Input Jitter      (TIJ):    0.000ns
    Discrete Jitter          (DJ):    0.000ns
    Phase Error              (PE):    0.000ns

    Location             Delay type                Incr(ns)  Path(ns)    Netlist Resource(s)
  -------------------------------------------------------------------    -------------------
                         (clock clk rise edge)        0.000     0.000 r  
    AA9                                               0.000     0.000 r  clk (IN)
                         net (fo=0)                   0.000     0.000    clk
    AA9                  IBUF (Prop_ibuf_I_O)         0.674     0.674 r  clk_IBUF_inst/O
                         net (fo=1, routed)           2.122     2.796    clk_IBUF
    BUFGCTRL_X0Y0        BUFG (Prop_bufg_I_O)         0.120     2.916 r  clk_IBUF_BUFG_inst/O
                         net (fo=463, routed)         1.656     4.572    u_layer_desc_regs/clk_IBUF_BUFG
    SLICE_X6Y47          FDCE                                         r  u_layer_desc_regs/op_o_reg[0]/C
  -------------------------------------------------------------------    -------------------
    SLICE_X6Y47          FDCE (Prop_fdce_C_Q)         0.308     4.880 r  u_layer_desc_regs/op_o_reg[0]/Q
                         net (fo=77, routed)          2.378     7.258    u_controller/ic_q_reg[0]_2[0]
    SLICE_X11Y21         LUT4 (Prop_lut4_I2_O)        0.053     7.311 r  u_controller/addr_long3_i_11/O
                         net (fo=2, routed)           0.408     7.718    u_weight_addr_gen/A[5]
    DSP48_X0Y9           DSP48E1 (Prop_dsp48e1_C[5]_P[2])
                                                      1.542     9.260 r  u_weight_addr_gen/addr_long3/P[2]
                         net (fo=1, routed)           0.857    10.117    u_layer_desc_regs/p_0_out[2]
    SLICE_X7Y20          LUT4 (Prop_lut4_I3_O)        0.070    10.187 r  u_layer_desc_regs/p_0_out_i_14/O
                         net (fo=1, routed)           0.575    10.763    u_weight_addr_gen/p_0_out_1[2]
    DSP48_X0Y6           DSP48E1 (Prop_dsp48e1_A[2]_PCOUT[47])
                                                      3.537    14.300 r  u_weight_addr_gen/p_0_out/PCOUT[47]
                         net (fo=1, routed)           0.000    14.300    u_weight_addr_gen/p_0_out_n_106
    DSP48_X0Y7           DSP48E1 (Prop_dsp48e1_PCIN[47]_P[9])
                                                      1.286    15.586 r  u_weight_addr_gen/p_1_out/P[9]
                         net (fo=16, routed)          5.141    20.727    u_weight_bank/u_weight_bram/P[9]
    RAMB36_X1Y25         RAMB36E1                                     r  u_weight_bank/u_weight_bram/mem_reg_0_1/ADDRBWRADDR[9]
  -------------------------------------------------------------------    -------------------

                         (clock clk rise edge)       20.000    20.000 r  
    AA9                                               0.000    20.000 r  clk (IN)
                         net (fo=0)                   0.000    20.000    clk
    AA9                  IBUF (Prop_ibuf_I_O)         0.549    20.549 r  clk_IBUF_inst/O
                         net (fo=1, routed)           2.022    22.571    clk_IBUF
    BUFGCTRL_X0Y0        BUFG (Prop_bufg_I_O)         0.113    22.684 r  clk_IBUF_BUFG_inst/O
                         net (fo=463, routed)         1.296    23.979    u_weight_bank/u_weight_bram/clk_IBUF_BUFG
    RAMB36_X1Y25         RAMB36E1                                     r  u_weight_bank/u_weight_bram/mem_reg_0_1/CLKBWRCLK
                         clock pessimism              0.232    24.211    
                         clock uncertainty           -0.035    24.176    
    RAMB36_X1Y25         RAMB36E1 (Setup_ramb36e1_CLKBWRCLK_ADDRBWRADDR[9])
                                                     -0.479    23.697    u_weight_bank/u_weight_bram/mem_reg_0_1
  -------------------------------------------------------------------
                         required time                         23.697    
                         arrival time                         -20.727    
  -------------------------------------------------------------------
                         slack                                  2.970    

Slack (MET) :             2.985ns  (required time - arrival time)
  Source:                 u_layer_desc_regs/op_o_reg[0]/C
                            (rising edge-triggered cell FDCE clocked by clk  {rise@0.000ns fall@10.000ns period=20.000ns})
  Destination:            u_weight_bank/u_weight_bram/mem_reg_1_7/ADDRBWRADDR[4]
                            (rising edge-triggered cell RAMB36E1 clocked by clk  {rise@0.000ns fall@10.000ns period=20.000ns})
  Path Group:             clk
  Path Type:              Setup (Max at Slow Process Corner)
  Requirement:            20.000ns  (clk rise@20.000ns - clk rise@0.000ns)
  Data Path Delay:        16.147ns  (logic 6.796ns (42.088%)  route 9.351ns (57.912%))
  Logic Levels:           5  (DSP48E1=3 LUT4=2)
  Clock Path Skew:        -0.353ns (DCD - SCD + CPR)
    Destination Clock Delay (DCD):    3.986ns = ( 23.986 - 20.000 ) 
    Source Clock Delay      (SCD):    4.572ns
    Clock Pessimism Removal (CPR):    0.232ns
  Clock Uncertainty:      0.035ns  ((TSJ^2 + TIJ^2)^1/2 + DJ) / 2 + PE
    Total System Jitter     (TSJ):    0.071ns
    Total Input Jitter      (TIJ):    0.000ns
    Discrete Jitter          (DJ):    0.000ns
    Phase Error              (PE):    0.000ns

    Location             Delay type                Incr(ns)  Path(ns)    Netlist Resource(s)
  -------------------------------------------------------------------    -------------------
                         (clock clk rise edge)        0.000     0.000 r  
    AA9                                               0.000     0.000 r  clk (IN)
                         net (fo=0)                   0.000     0.000    clk
    AA9                  IBUF (Prop_ibuf_I_O)         0.674     0.674 r  clk_IBUF_inst/O
                         net (fo=1, routed)           2.122     2.796    clk_IBUF
    BUFGCTRL_X0Y0        BUFG (Prop_bufg_I_O)         0.120     2.916 r  clk_IBUF_BUFG_inst/O
                         net (fo=463, routed)         1.656     4.572    u_layer_desc_regs/clk_IBUF_BUFG
    SLICE_X6Y47          FDCE                                         r  u_layer_desc_regs/op_o_reg[0]/C
  -------------------------------------------------------------------    -------------------
    SLICE_X6Y47          FDCE (Prop_fdce_C_Q)         0.308     4.880 r  u_layer_desc_regs/op_o_reg[0]/Q
                         net (fo=77, routed)          2.378     7.258    u_controller/ic_q_reg[0]_2[0]
    SLICE_X11Y21         LUT4 (Prop_lut4_I2_O)        0.053     7.311 r  u_controller/addr_long3_i_11/O
                         net (fo=2, routed)           0.408     7.718    u_weight_addr_gen/A[5]
    DSP48_X0Y9           DSP48E1 (Prop_dsp48e1_C[5]_P[2])
                                                      1.542     9.260 r  u_weight_addr_gen/addr_long3/P[2]
                         net (fo=1, routed)           0.857    10.117    u_layer_desc_regs/p_0_out[2]
    SLICE_X7Y20          LUT4 (Prop_lut4_I3_O)        0.070    10.187 r  u_layer_desc_regs/p_0_out_i_14/O
                         net (fo=1, routed)           0.575    10.763    u_weight_addr_gen/p_0_out_1[2]
    DSP48_X0Y6           DSP48E1 (Prop_dsp48e1_A[2]_PCOUT[47])
                                                      3.537    14.300 r  u_weight_addr_gen/p_0_out/PCOUT[47]
                         net (fo=1, routed)           0.000    14.300    u_weight_addr_gen/p_0_out_n_106
    DSP48_X0Y7           DSP48E1 (Prop_dsp48e1_PCIN[47]_P[4])
                                                      1.286    15.586 r  u_weight_addr_gen/p_1_out/P[4]
                         net (fo=16, routed)          5.133    20.719    u_weight_bank/u_weight_bram/P[4]
    RAMB36_X0Y26         RAMB36E1                                     r  u_weight_bank/u_weight_bram/mem_reg_1_7/ADDRBWRADDR[4]
  -------------------------------------------------------------------    -------------------

                         (clock clk rise edge)       20.000    20.000 r  
    AA9                                               0.000    20.000 r  clk (IN)
                         net (fo=0)                   0.000    20.000    clk
    AA9                  IBUF (Prop_ibuf_I_O)         0.549    20.549 r  clk_IBUF_inst/O
                         net (fo=1, routed)           2.022    22.571    clk_IBUF
    BUFGCTRL_X0Y0        BUFG (Prop_bufg_I_O)         0.113    22.684 r  clk_IBUF_BUFG_inst/O
                         net (fo=463, routed)         1.303    23.986    u_weight_bank/u_weight_bram/clk_IBUF_BUFG
    RAMB36_X0Y26         RAMB36E1                                     r  u_weight_bank/u_weight_bram/mem_reg_1_7/CLKBWRCLK
                         clock pessimism              0.232    24.218    
                         clock uncertainty           -0.035    24.183    
    RAMB36_X0Y26         RAMB36E1 (Setup_ramb36e1_CLKBWRCLK_ADDRBWRADDR[4])
                                                     -0.479    23.704    u_weight_bank/u_weight_bram/mem_reg_1_7
  -------------------------------------------------------------------
                         required time                         23.704    
                         arrival time                         -20.719    
  -------------------------------------------------------------------
                         slack                                  2.985    

Slack (MET) :             3.088ns  (required time - arrival time)
  Source:                 u_layer_desc_regs/op_o_reg[0]/C
                            (rising edge-triggered cell FDCE clocked by clk  {rise@0.000ns fall@10.000ns period=20.000ns})
  Destination:            u_weight_bank/u_weight_bram/mem_reg_1_1/ADDRBWRADDR[3]
                            (rising edge-triggered cell RAMB36E1 clocked by clk  {rise@0.000ns fall@10.000ns period=20.000ns})
  Path Group:             clk
  Path Type:              Setup (Max at Slow Process Corner)
  Requirement:            20.000ns  (clk rise@20.000ns - clk rise@0.000ns)
  Data Path Delay:        16.042ns  (logic 6.796ns (42.362%)  route 9.246ns (57.638%))
  Logic Levels:           5  (DSP48E1=3 LUT4=2)
  Clock Path Skew:        -0.355ns (DCD - SCD + CPR)
    Destination Clock Delay (DCD):    3.984ns = ( 23.984 - 20.000 ) 
    Source Clock Delay      (SCD):    4.572ns
    Clock Pessimism Removal (CPR):    0.232ns
  Clock Uncertainty:      0.035ns  ((TSJ^2 + TIJ^2)^1/2 + DJ) / 2 + PE
    Total System Jitter     (TSJ):    0.071ns
    Total Input Jitter      (TIJ):    0.000ns
    Discrete Jitter          (DJ):    0.000ns
    Phase Error              (PE):    0.000ns

    Location             Delay type                Incr(ns)  Path(ns)    Netlist Resource(s)
  -------------------------------------------------------------------    -------------------
                         (clock clk rise edge)        0.000     0.000 r  
    AA9                                               0.000     0.000 r  clk (IN)
                         net (fo=0)                   0.000     0.000    clk
    AA9                  IBUF (Prop_ibuf_I_O)         0.674     0.674 r  clk_IBUF_inst/O
                         net (fo=1, routed)           2.122     2.796    clk_IBUF
    BUFGCTRL_X0Y0        BUFG (Prop_bufg_I_O)         0.120     2.916 r  clk_IBUF_BUFG_inst/O
                         net (fo=463, routed)         1.656     4.572    u_layer_desc_regs/clk_IBUF_BUFG
    SLICE_X6Y47          FDCE                                         r  u_layer_desc_regs/op_o_reg[0]/C
  -------------------------------------------------------------------    -------------------
    SLICE_X6Y47          FDCE (Prop_fdce_C_Q)         0.308     4.880 r  u_layer_desc_regs/op_o_reg[0]/Q
                         net (fo=77, routed)          2.378     7.258    u_controller/ic_q_reg[0]_2[0]
    SLICE_X11Y21         LUT4 (Prop_lut4_I2_O)        0.053     7.311 r  u_controller/addr_long3_i_11/O
                         net (fo=2, routed)           0.408     7.718    u_weight_addr_gen/A[5]
    DSP48_X0Y9           DSP48E1 (Prop_dsp48e1_C[5]_P[2])
                                                      1.542     9.260 r  u_weight_addr_gen/addr_long3/P[2]
                         net (fo=1, routed)           0.857    10.117    u_layer_desc_regs/p_0_out[2]
    SLICE_X7Y20          LUT4 (Prop_lut4_I3_O)        0.070    10.187 r  u_layer_desc_regs/p_0_out_i_14/O
                         net (fo=1, routed)           0.575    10.763    u_weight_addr_gen/p_0_out_1[2]
    DSP48_X0Y6           DSP48E1 (Prop_dsp48e1_A[2]_PCOUT[47])
                                                      3.537    14.300 r  u_weight_addr_gen/p_0_out/PCOUT[47]
                         net (fo=1, routed)           0.000    14.300    u_weight_addr_gen/p_0_out_n_106
    DSP48_X0Y7           DSP48E1 (Prop_dsp48e1_PCIN[47]_P[3])
                                                      1.286    15.586 r  u_weight_addr_gen/p_1_out/P[3]
                         net (fo=16, routed)          5.028    20.614    u_weight_bank/u_weight_bram/P[3]
    RAMB36_X1Y26         RAMB36E1                                     r  u_weight_bank/u_weight_bram/mem_reg_1_1/ADDRBWRADDR[3]
  -------------------------------------------------------------------    -------------------

                         (clock clk rise edge)       20.000    20.000 r  
    AA9                                               0.000    20.000 r  clk (IN)
                         net (fo=0)                   0.000    20.000    clk
    AA9                  IBUF (Prop_ibuf_I_O)         0.549    20.549 r  clk_IBUF_inst/O
                         net (fo=1, routed)           2.022    22.571    clk_IBUF
    BUFGCTRL_X0Y0        BUFG (Prop_bufg_I_O)         0.113    22.684 r  clk_IBUF_BUFG_inst/O
                         net (fo=463, routed)         1.301    23.984    u_weight_bank/u_weight_bram/clk_IBUF_BUFG
    RAMB36_X1Y26         RAMB36E1                                     r  u_weight_bank/u_weight_bram/mem_reg_1_1/CLKBWRCLK
                         clock pessimism              0.232    24.216    
                         clock uncertainty           -0.035    24.181    
    RAMB36_X1Y26         RAMB36E1 (Setup_ramb36e1_CLKBWRCLK_ADDRBWRADDR[3])
                                                     -0.479    23.702    u_weight_bank/u_weight_bram/mem_reg_1_1
  -------------------------------------------------------------------
                         required time                         23.702    
                         arrival time                         -20.614    
  -------------------------------------------------------------------
                         slack                                  3.088    

Slack (MET) :             3.096ns  (required time - arrival time)
  Source:                 u_layer_desc_regs/op_o_reg[0]/C
                            (rising edge-triggered cell FDCE clocked by clk  {rise@0.000ns fall@10.000ns period=20.000ns})
  Destination:            u_weight_bank/u_weight_bram/mem_reg_1_1/ADDRBWRADDR[8]
                            (rising edge-triggered cell RAMB36E1 clocked by clk  {rise@0.000ns fall@10.000ns period=20.000ns})
  Path Group:             clk
  Path Type:              Setup (Max at Slow Process Corner)
  Requirement:            20.000ns  (clk rise@20.000ns - clk rise@0.000ns)
  Data Path Delay:        16.034ns  (logic 6.796ns (42.384%)  route 9.238ns (57.616%))
  Logic Levels:           5  (DSP48E1=3 LUT4=2)
  Clock Path Skew:        -0.355ns (DCD - SCD + CPR)
    Destination Clock Delay (DCD):    3.984ns = ( 23.984 - 20.000 ) 
    Source Clock Delay      (SCD):    4.572ns
    Clock Pessimism Removal (CPR):    0.232ns
  Clock Uncertainty:      0.035ns  ((TSJ^2 + TIJ^2)^1/2 + DJ) / 2 + PE
    Total System Jitter     (TSJ):    0.071ns
    Total Input Jitter      (TIJ):    0.000ns
    Discrete Jitter          (DJ):    0.000ns
    Phase Error              (PE):    0.000ns

    Location             Delay type                Incr(ns)  Path(ns)    Netlist Resource(s)
  -------------------------------------------------------------------    -------------------
                         (clock clk rise edge)        0.000     0.000 r  
    AA9                                               0.000     0.000 r  clk (IN)
                         net (fo=0)                   0.000     0.000    clk
    AA9                  IBUF (Prop_ibuf_I_O)         0.674     0.674 r  clk_IBUF_inst/O
                         net (fo=1, routed)           2.122     2.796    clk_IBUF
    BUFGCTRL_X0Y0        BUFG (Prop_bufg_I_O)         0.120     2.916 r  clk_IBUF_BUFG_inst/O
                         net (fo=463, routed)         1.656     4.572    u_layer_desc_regs/clk_IBUF_BUFG
    SLICE_X6Y47          FDCE                                         r  u_layer_desc_regs/op_o_reg[0]/C
  -------------------------------------------------------------------    -------------------
    SLICE_X6Y47          FDCE (Prop_fdce_C_Q)         0.308     4.880 r  u_layer_desc_regs/op_o_reg[0]/Q
                         net (fo=77, routed)          2.378     7.258    u_controller/ic_q_reg[0]_2[0]
    SLICE_X11Y21         LUT4 (Prop_lut4_I2_O)        0.053     7.311 r  u_controller/addr_long3_i_11/O
                         net (fo=2, routed)           0.408     7.718    u_weight_addr_gen/A[5]
    DSP48_X0Y9           DSP48E1 (Prop_dsp48e1_C[5]_P[2])
                                                      1.542     9.260 r  u_weight_addr_gen/addr_long3/P[2]
                         net (fo=1, routed)           0.857    10.117    u_layer_desc_regs/p_0_out[2]
    SLICE_X7Y20          LUT4 (Prop_lut4_I3_O)        0.070    10.187 r  u_layer_desc_regs/p_0_out_i_14/O
                         net (fo=1, routed)           0.575    10.763    u_weight_addr_gen/p_0_out_1[2]
    DSP48_X0Y6           DSP48E1 (Prop_dsp48e1_A[2]_PCOUT[47])
                                                      3.537    14.300 r  u_weight_addr_gen/p_0_out/PCOUT[47]
                         net (fo=1, routed)           0.000    14.300    u_weight_addr_gen/p_0_out_n_106
    DSP48_X0Y7           DSP48E1 (Prop_dsp48e1_PCIN[47]_P[8])
                                                      1.286    15.586 r  u_weight_addr_gen/p_1_out/P[8]
                         net (fo=16, routed)          5.020    20.606    u_weight_bank/u_weight_bram/P[8]
    RAMB36_X1Y26         RAMB36E1                                     r  u_weight_bank/u_weight_bram/mem_reg_1_1/ADDRBWRADDR[8]
  -------------------------------------------------------------------    -------------------

                         (clock clk rise edge)       20.000    20.000 r  
    AA9                                               0.000    20.000 r  clk (IN)
                         net (fo=0)                   0.000    20.000    clk
    AA9                  IBUF (Prop_ibuf_I_O)         0.549    20.549 r  clk_IBUF_inst/O
                         net (fo=1, routed)           2.022    22.571    clk_IBUF
    BUFGCTRL_X0Y0        BUFG (Prop_bufg_I_O)         0.113    22.684 r  clk_IBUF_BUFG_inst/O
                         net (fo=463, routed)         1.301    23.984    u_weight_bank/u_weight_bram/clk_IBUF_BUFG
    RAMB36_X1Y26         RAMB36E1                                     r  u_weight_bank/u_weight_bram/mem_reg_1_1/CLKBWRCLK
                         clock pessimism              0.232    24.216    
                         clock uncertainty           -0.035    24.181    
    RAMB36_X1Y26         RAMB36E1 (Setup_ramb36e1_CLKBWRCLK_ADDRBWRADDR[8])
                                                     -0.479    23.702    u_weight_bank/u_weight_bram/mem_reg_1_1
  -------------------------------------------------------------------
                         required time                         23.702    
                         arrival time                         -20.606    
  -------------------------------------------------------------------
                         slack                                  3.096    

Slack (MET) :             3.101ns  (required time - arrival time)
  Source:                 u_layer_desc_regs/op_o_reg[0]/C
                            (rising edge-triggered cell FDCE clocked by clk  {rise@0.000ns fall@10.000ns period=20.000ns})
  Destination:            u_weight_bank/u_weight_bram/mem_reg_1_7/ADDRBWRADDR[7]
                            (rising edge-triggered cell RAMB36E1 clocked by clk  {rise@0.000ns fall@10.000ns period=20.000ns})
  Path Group:             clk
  Path Type:              Setup (Max at Slow Process Corner)
  Requirement:            20.000ns  (clk rise@20.000ns - clk rise@0.000ns)
  Data Path Delay:        16.031ns  (logic 6.796ns (42.392%)  route 9.235ns (57.608%))
  Logic Levels:           5  (DSP48E1=3 LUT4=2)
  Clock Path Skew:        -0.353ns (DCD - SCD + CPR)
    Destination Clock Delay (DCD):    3.986ns = ( 23.986 - 20.000 ) 
    Source Clock Delay      (SCD):    4.572ns
    Clock Pessimism Removal (CPR):    0.232ns
  Clock Uncertainty:      0.035ns  ((TSJ^2 + TIJ^2)^1/2 + DJ) / 2 + PE
    Total System Jitter     (TSJ):    0.071ns
    Total Input Jitter      (TIJ):    0.000ns
    Discrete Jitter          (DJ):    0.000ns
    Phase Error              (PE):    0.000ns

    Location             Delay type                Incr(ns)  Path(ns)    Netlist Resource(s)
  -------------------------------------------------------------------    -------------------
                         (clock clk rise edge)        0.000     0.000 r  
    AA9                                               0.000     0.000 r  clk (IN)
                         net (fo=0)                   0.000     0.000    clk
    AA9                  IBUF (Prop_ibuf_I_O)         0.674     0.674 r  clk_IBUF_inst/O
                         net (fo=1, routed)           2.122     2.796    clk_IBUF
    BUFGCTRL_X0Y0        BUFG (Prop_bufg_I_O)         0.120     2.916 r  clk_IBUF_BUFG_inst/O
                         net (fo=463, routed)         1.656     4.572    u_layer_desc_regs/clk_IBUF_BUFG
    SLICE_X6Y47          FDCE                                         r  u_layer_desc_regs/op_o_reg[0]/C
  -------------------------------------------------------------------    -------------------
    SLICE_X6Y47          FDCE (Prop_fdce_C_Q)         0.308     4.880 r  u_layer_desc_regs/op_o_reg[0]/Q
                         net (fo=77, routed)          2.378     7.258    u_controller/ic_q_reg[0]_2[0]
    SLICE_X11Y21         LUT4 (Prop_lut4_I2_O)        0.053     7.311 r  u_controller/addr_long3_i_11/O
                         net (fo=2, routed)           0.408     7.718    u_weight_addr_gen/A[5]
    DSP48_X0Y9           DSP48E1 (Prop_dsp48e1_C[5]_P[2])
                                                      1.542     9.260 r  u_weight_addr_gen/addr_long3/P[2]
                         net (fo=1, routed)           0.857    10.117    u_layer_desc_regs/p_0_out[2]
    SLICE_X7Y20          LUT4 (Prop_lut4_I3_O)        0.070    10.187 r  u_layer_desc_regs/p_0_out_i_14/O
                         net (fo=1, routed)           0.575    10.763    u_weight_addr_gen/p_0_out_1[2]
    DSP48_X0Y6           DSP48E1 (Prop_dsp48e1_A[2]_PCOUT[47])
                                                      3.537    14.300 r  u_weight_addr_gen/p_0_out/PCOUT[47]
                         net (fo=1, routed)           0.000    14.300    u_weight_addr_gen/p_0_out_n_106
    DSP48_X0Y7           DSP48E1 (Prop_dsp48e1_PCIN[47]_P[7])
                                                      1.286    15.586 r  u_weight_addr_gen/p_1_out/P[7]
                         net (fo=16, routed)          5.017    20.603    u_weight_bank/u_weight_bram/P[7]
    RAMB36_X0Y26         RAMB36E1                                     r  u_weight_bank/u_weight_bram/mem_reg_1_7/ADDRBWRADDR[7]
  -------------------------------------------------------------------    -------------------

                         (clock clk rise edge)       20.000    20.000 r  
    AA9                                               0.000    20.000 r  clk (IN)
                         net (fo=0)                   0.000    20.000    clk
    AA9                  IBUF (Prop_ibuf_I_O)         0.549    20.549 r  clk_IBUF_inst/O
                         net (fo=1, routed)           2.022    22.571    clk_IBUF
    BUFGCTRL_X0Y0        BUFG (Prop_bufg_I_O)         0.113    22.684 r  clk_IBUF_BUFG_inst/O
                         net (fo=463, routed)         1.303    23.986    u_weight_bank/u_weight_bram/clk_IBUF_BUFG
    RAMB36_X0Y26         RAMB36E1                                     r  u_weight_bank/u_weight_bram/mem_reg_1_7/CLKBWRCLK
                         clock pessimism              0.232    24.218    
                         clock uncertainty           -0.035    24.183    
    RAMB36_X0Y26         RAMB36E1 (Setup_ramb36e1_CLKBWRCLK_ADDRBWRADDR[7])
                                                     -0.479    23.704    u_weight_bank/u_weight_bram/mem_reg_1_7
  -------------------------------------------------------------------
                         required time                         23.704    
                         arrival time                         -20.603    
  -------------------------------------------------------------------
                         slack                                  3.101    

Slack (MET) :             3.103ns  (required time - arrival time)
  Source:                 u_layer_desc_regs/op_o_reg[0]/C
                            (rising edge-triggered cell FDCE clocked by clk  {rise@0.000ns fall@10.000ns period=20.000ns})
  Destination:            u_weight_bank/u_weight_bram/mem_reg_0_1/ADDRBWRADDR[15]
                            (rising edge-triggered cell RAMB36E1 clocked by clk  {rise@0.000ns fall@10.000ns period=20.000ns})
  Path Group:             clk
  Path Type:              Setup (Max at Slow Process Corner)
  Requirement:            20.000ns  (clk rise@20.000ns - clk rise@0.000ns)
  Data Path Delay:        16.064ns  (logic 6.796ns (42.307%)  route 9.268ns (57.693%))
  Logic Levels:           5  (DSP48E1=3 LUT4=2)
  Clock Path Skew:        -0.360ns (DCD - SCD + CPR)
    Destination Clock Delay (DCD):    3.979ns = ( 23.979 - 20.000 ) 
    Source Clock Delay      (SCD):    4.572ns
    Clock Pessimism Removal (CPR):    0.232ns
  Clock Uncertainty:      0.035ns  ((TSJ^2 + TIJ^2)^1/2 + DJ) / 2 + PE
    Total System Jitter     (TSJ):    0.071ns
    Total Input Jitter      (TIJ):    0.000ns
    Discrete Jitter          (DJ):    0.000ns
    Phase Error              (PE):    0.000ns

    Location             Delay type                Incr(ns)  Path(ns)    Netlist Resource(s)
  -------------------------------------------------------------------    -------------------
                         (clock clk rise edge)        0.000     0.000 r  
    AA9                                               0.000     0.000 r  clk (IN)
                         net (fo=0)                   0.000     0.000    clk
    AA9                  IBUF (Prop_ibuf_I_O)         0.674     0.674 r  clk_IBUF_inst/O
                         net (fo=1, routed)           2.122     2.796    clk_IBUF
    BUFGCTRL_X0Y0        BUFG (Prop_bufg_I_O)         0.120     2.916 r  clk_IBUF_BUFG_inst/O
                         net (fo=463, routed)         1.656     4.572    u_layer_desc_regs/clk_IBUF_BUFG
    SLICE_X6Y47          FDCE                                         r  u_layer_desc_regs/op_o_reg[0]/C
  -------------------------------------------------------------------    -------------------
    SLICE_X6Y47          FDCE (Prop_fdce_C_Q)         0.308     4.880 r  u_layer_desc_regs/op_o_reg[0]/Q
                         net (fo=77, routed)          2.378     7.258    u_controller/ic_q_reg[0]_2[0]
    SLICE_X11Y21         LUT4 (Prop_lut4_I2_O)        0.053     7.311 r  u_controller/addr_long3_i_11/O
                         net (fo=2, routed)           0.408     7.718    u_weight_addr_gen/A[5]
    DSP48_X0Y9           DSP48E1 (Prop_dsp48e1_C[5]_P[2])
                                                      1.542     9.260 r  u_weight_addr_gen/addr_long3/P[2]
                         net (fo=1, routed)           0.857    10.117    u_layer_desc_regs/p_0_out[2]
    SLICE_X7Y20          LUT4 (Prop_lut4_I3_O)        0.070    10.187 r  u_layer_desc_regs/p_0_out_i_14/O
                         net (fo=1, routed)           0.575    10.763    u_weight_addr_gen/p_0_out_1[2]
    DSP48_X0Y6           DSP48E1 (Prop_dsp48e1_A[2]_PCOUT[47])
                                                      3.537    14.300 r  u_weight_addr_gen/p_0_out/PCOUT[47]
                         net (fo=1, routed)           0.000    14.300    u_weight_addr_gen/p_0_out_n_106
    DSP48_X0Y7           DSP48E1 (Prop_dsp48e1_PCIN[47]_P[15])
                                                      1.286    15.586 r  u_weight_addr_gen/p_1_out/P[15]
                         net (fo=16, routed)          5.049    20.635    u_weight_bank/u_weight_bram/P[15]
    RAMB36_X1Y25         RAMB36E1                                     r  u_weight_bank/u_weight_bram/mem_reg_0_1/ADDRBWRADDR[15]
  -------------------------------------------------------------------    -------------------

                         (clock clk rise edge)       20.000    20.000 r  
    AA9                                               0.000    20.000 r  clk (IN)
                         net (fo=0)                   0.000    20.000    clk
    AA9                  IBUF (Prop_ibuf_I_O)         0.549    20.549 r  clk_IBUF_inst/O
                         net (fo=1, routed)           2.022    22.571    clk_IBUF
    BUFGCTRL_X0Y0        BUFG (Prop_bufg_I_O)         0.113    22.684 r  clk_IBUF_BUFG_inst/O
                         net (fo=463, routed)         1.296    23.979    u_weight_bank/u_weight_bram/clk_IBUF_BUFG
    RAMB36_X1Y25         RAMB36E1                                     r  u_weight_bank/u_weight_bram/mem_reg_0_1/CLKBWRCLK
                         clock pessimism              0.232    24.211    
                         clock uncertainty           -0.035    24.176    
    RAMB36_X1Y25         RAMB36E1 (Setup_ramb36e1_CLKBWRCLK_ADDRBWRADDR[15])
                                                     -0.438    23.738    u_weight_bank/u_weight_bram/mem_reg_0_1
  -------------------------------------------------------------------
                         required time                         23.738    
                         arrival time                         -20.635    
  -------------------------------------------------------------------
                         slack                                  3.103    

Slack (MET) :             3.104ns  (required time - arrival time)
  Source:                 u_layer_desc_regs/op_o_reg[0]/C
                            (rising edge-triggered cell FDCE clocked by clk  {rise@0.000ns fall@10.000ns period=20.000ns})
  Destination:            u_weight_bank/u_weight_bram/mem_reg_1_1/ADDRBWRADDR[0]
                            (rising edge-triggered cell RAMB36E1 clocked by clk  {rise@0.000ns fall@10.000ns period=20.000ns})
  Path Group:             clk
  Path Type:              Setup (Max at Slow Process Corner)
  Requirement:            20.000ns  (clk rise@20.000ns - clk rise@0.000ns)
  Data Path Delay:        16.027ns  (logic 6.796ns (42.404%)  route 9.231ns (57.596%))
  Logic Levels:           5  (DSP48E1=3 LUT4=2)
  Clock Path Skew:        -0.355ns (DCD - SCD + CPR)
    Destination Clock Delay (DCD):    3.984ns = ( 23.984 - 20.000 ) 
    Source Clock Delay      (SCD):    4.572ns
    Clock Pessimism Removal (CPR):    0.232ns
  Clock Uncertainty:      0.035ns  ((TSJ^2 + TIJ^2)^1/2 + DJ) / 2 + PE
    Total System Jitter     (TSJ):    0.071ns
    Total Input Jitter      (TIJ):    0.000ns
    Discrete Jitter          (DJ):    0.000ns
    Phase Error              (PE):    0.000ns

    Location             Delay type                Incr(ns)  Path(ns)    Netlist Resource(s)
  -------------------------------------------------------------------    -------------------
                         (clock clk rise edge)        0.000     0.000 r  
    AA9                                               0.000     0.000 r  clk (IN)
                         net (fo=0)                   0.000     0.000    clk
    AA9                  IBUF (Prop_ibuf_I_O)         0.674     0.674 r  clk_IBUF_inst/O
                         net (fo=1, routed)           2.122     2.796    clk_IBUF
    BUFGCTRL_X0Y0        BUFG (Prop_bufg_I_O)         0.120     2.916 r  clk_IBUF_BUFG_inst/O
                         net (fo=463, routed)         1.656     4.572    u_layer_desc_regs/clk_IBUF_BUFG
    SLICE_X6Y47          FDCE                                         r  u_layer_desc_regs/op_o_reg[0]/C
  -------------------------------------------------------------------    -------------------
    SLICE_X6Y47          FDCE (Prop_fdce_C_Q)         0.308     4.880 r  u_layer_desc_regs/op_o_reg[0]/Q
                         net (fo=77, routed)          2.378     7.258    u_controller/ic_q_reg[0]_2[0]
    SLICE_X11Y21         LUT4 (Prop_lut4_I2_O)        0.053     7.311 r  u_controller/addr_long3_i_11/O
                         net (fo=2, routed)           0.408     7.718    u_weight_addr_gen/A[5]
    DSP48_X0Y9           DSP48E1 (Prop_dsp48e1_C[5]_P[2])
                                                      1.542     9.260 r  u_weight_addr_gen/addr_long3/P[2]
                         net (fo=1, routed)           0.857    10.117    u_layer_desc_regs/p_0_out[2]
    SLICE_X7Y20          LUT4 (Prop_lut4_I3_O)        0.070    10.187 r  u_layer_desc_regs/p_0_out_i_14/O
                         net (fo=1, routed)           0.575    10.763    u_weight_addr_gen/p_0_out_1[2]
    DSP48_X0Y6           DSP48E1 (Prop_dsp48e1_A[2]_PCOUT[47])
                                                      3.537    14.300 r  u_weight_addr_gen/p_0_out/PCOUT[47]
                         net (fo=1, routed)           0.000    14.300    u_weight_addr_gen/p_0_out_n_106
    DSP48_X0Y7           DSP48E1 (Prop_dsp48e1_PCIN[47]_P[0])
                                                      1.286    15.586 r  u_weight_addr_gen/p_1_out/P[0]
                         net (fo=16, routed)          5.012    20.598    u_weight_bank/u_weight_bram/P[0]
    RAMB36_X1Y26         RAMB36E1                                     r  u_weight_bank/u_weight_bram/mem_reg_1_1/ADDRBWRADDR[0]
  -------------------------------------------------------------------    -------------------

                         (clock clk rise edge)       20.000    20.000 r  
    AA9                                               0.000    20.000 r  clk (IN)
                         net (fo=0)                   0.000    20.000    clk
    AA9                  IBUF (Prop_ibuf_I_O)         0.549    20.549 r  clk_IBUF_inst/O
                         net (fo=1, routed)           2.022    22.571    clk_IBUF
    BUFGCTRL_X0Y0        BUFG (Prop_bufg_I_O)         0.113    22.684 r  clk_IBUF_BUFG_inst/O
                         net (fo=463, routed)         1.301    23.984    u_weight_bank/u_weight_bram/clk_IBUF_BUFG
    RAMB36_X1Y26         RAMB36E1                                     r  u_weight_bank/u_weight_bram/mem_reg_1_1/CLKBWRCLK
                         clock pessimism              0.232    24.216    
                         clock uncertainty           -0.035    24.181    
    RAMB36_X1Y26         RAMB36E1 (Setup_ramb36e1_CLKBWRCLK_ADDRBWRADDR[0])
                                                     -0.479    23.702    u_weight_bank/u_weight_bram/mem_reg_1_1
  -------------------------------------------------------------------
                         required time                         23.702    
                         arrival time                         -20.598    
  -------------------------------------------------------------------
                         slack                                  3.104    

Slack (MET) :             3.113ns  (required time - arrival time)
  Source:                 u_layer_desc_regs/op_o_reg[0]/C
                            (rising edge-triggered cell FDCE clocked by clk  {rise@0.000ns fall@10.000ns period=20.000ns})
  Destination:            u_weight_bank/u_weight_bram/mem_reg_1_1/ADDRBWRADDR[5]
                            (rising edge-triggered cell RAMB36E1 clocked by clk  {rise@0.000ns fall@10.000ns period=20.000ns})
  Path Group:             clk
  Path Type:              Setup (Max at Slow Process Corner)
  Requirement:            20.000ns  (clk rise@20.000ns - clk rise@0.000ns)
  Data Path Delay:        16.017ns  (logic 6.796ns (42.430%)  route 9.221ns (57.570%))
  Logic Levels:           5  (DSP48E1=3 LUT4=2)
  Clock Path Skew:        -0.355ns (DCD - SCD + CPR)
    Destination Clock Delay (DCD):    3.984ns = ( 23.984 - 20.000 ) 
    Source Clock Delay      (SCD):    4.572ns
    Clock Pessimism Removal (CPR):    0.232ns
  Clock Uncertainty:      0.035ns  ((TSJ^2 + TIJ^2)^1/2 + DJ) / 2 + PE
    Total System Jitter     (TSJ):    0.071ns
    Total Input Jitter      (TIJ):    0.000ns
    Discrete Jitter          (DJ):    0.000ns
    Phase Error              (PE):    0.000ns

    Location             Delay type                Incr(ns)  Path(ns)    Netlist Resource(s)
  -------------------------------------------------------------------    -------------------
                         (clock clk rise edge)        0.000     0.000 r  
    AA9                                               0.000     0.000 r  clk (IN)
                         net (fo=0)                   0.000     0.000    clk
    AA9                  IBUF (Prop_ibuf_I_O)         0.674     0.674 r  clk_IBUF_inst/O
                         net (fo=1, routed)           2.122     2.796    clk_IBUF
    BUFGCTRL_X0Y0        BUFG (Prop_bufg_I_O)         0.120     2.916 r  clk_IBUF_BUFG_inst/O
                         net (fo=463, routed)         1.656     4.572    u_layer_desc_regs/clk_IBUF_BUFG
    SLICE_X6Y47          FDCE                                         r  u_layer_desc_regs/op_o_reg[0]/C
  -------------------------------------------------------------------    -------------------
    SLICE_X6Y47          FDCE (Prop_fdce_C_Q)         0.308     4.880 r  u_layer_desc_regs/op_o_reg[0]/Q
                         net (fo=77, routed)          2.378     7.258    u_controller/ic_q_reg[0]_2[0]
    SLICE_X11Y21         LUT4 (Prop_lut4_I2_O)        0.053     7.311 r  u_controller/addr_long3_i_11/O
                         net (fo=2, routed)           0.408     7.718    u_weight_addr_gen/A[5]
    DSP48_X0Y9           DSP48E1 (Prop_dsp48e1_C[5]_P[2])
                                                      1.542     9.260 r  u_weight_addr_gen/addr_long3/P[2]
                         net (fo=1, routed)           0.857    10.117    u_layer_desc_regs/p_0_out[2]
    SLICE_X7Y20          LUT4 (Prop_lut4_I3_O)        0.070    10.187 r  u_layer_desc_regs/p_0_out_i_14/O
                         net (fo=1, routed)           0.575    10.763    u_weight_addr_gen/p_0_out_1[2]
    DSP48_X0Y6           DSP48E1 (Prop_dsp48e1_A[2]_PCOUT[47])
                                                      3.537    14.300 r  u_weight_addr_gen/p_0_out/PCOUT[47]
                         net (fo=1, routed)           0.000    14.300    u_weight_addr_gen/p_0_out_n_106
    DSP48_X0Y7           DSP48E1 (Prop_dsp48e1_PCIN[47]_P[5])
                                                      1.286    15.586 r  u_weight_addr_gen/p_1_out/P[5]
                         net (fo=16, routed)          5.003    20.589    u_weight_bank/u_weight_bram/P[5]
    RAMB36_X1Y26         RAMB36E1                                     r  u_weight_bank/u_weight_bram/mem_reg_1_1/ADDRBWRADDR[5]
  -------------------------------------------------------------------    -------------------

                         (clock clk rise edge)       20.000    20.000 r  
    AA9                                               0.000    20.000 r  clk (IN)
                         net (fo=0)                   0.000    20.000    clk
    AA9                  IBUF (Prop_ibuf_I_O)         0.549    20.549 r  clk_IBUF_inst/O
                         net (fo=1, routed)           2.022    22.571    clk_IBUF
    BUFGCTRL_X0Y0        BUFG (Prop_bufg_I_O)         0.113    22.684 r  clk_IBUF_BUFG_inst/O
                         net (fo=463, routed)         1.301    23.984    u_weight_bank/u_weight_bram/clk_IBUF_BUFG
    RAMB36_X1Y26         RAMB36E1                                     r  u_weight_bank/u_weight_bram/mem_reg_1_1/CLKBWRCLK
                         clock pessimism              0.232    24.216    
                         clock uncertainty           -0.035    24.181    
    RAMB36_X1Y26         RAMB36E1 (Setup_ramb36e1_CLKBWRCLK_ADDRBWRADDR[5])
                                                     -0.479    23.702    u_weight_bank/u_weight_bram/mem_reg_1_1
  -------------------------------------------------------------------
                         required time                         23.702    
                         arrival time                         -20.589    
  -------------------------------------------------------------------
                         slack                                  3.113    





Min Delay Paths
--------------------------------------------------------------------------------------
Slack (MET) :             0.166ns  (arrival time - required time)
  Source:                 u_controller/FSM_onehot_state_q_reg[3]/C
                            (rising edge-triggered cell FDCE clocked by clk  {rise@0.000ns fall@10.000ns period=20.000ns})
  Destination:            u_controller/FSM_onehot_state_q_reg[0]/D
                            (rising edge-triggered cell FDCE clocked by clk  {rise@0.000ns fall@10.000ns period=20.000ns})
  Path Group:             clk
  Path Type:              Hold (Min at Fast Process Corner)
  Requirement:            0.000ns  (clk rise@0.000ns - clk rise@0.000ns)
  Data Path Delay:        0.238ns  (logic 0.118ns (49.495%)  route 0.120ns (50.505%))
  Logic Levels:           0  
  Clock Path Skew:        0.030ns (DCD - SCD - CPR)
    Destination Clock Delay (DCD):    2.003ns
    Source Clock Delay      (SCD):    1.551ns
    Clock Pessimism Removal (CPR):    0.422ns

    Location             Delay type                Incr(ns)  Path(ns)    Netlist Resource(s)
  -------------------------------------------------------------------    -------------------
                         (clock clk rise edge)        0.000     0.000 r  
    AA9                                               0.000     0.000 r  clk (IN)
                         net (fo=0)                   0.000     0.000    clk
    AA9                  IBUF (Prop_ibuf_I_O)         0.075     0.075 r  clk_IBUF_inst/O
                         net (fo=1, routed)           0.853     0.928    clk_IBUF
    BUFGCTRL_X0Y0        BUFG (Prop_bufg_I_O)         0.026     0.954 r  clk_IBUF_BUFG_inst/O
                         net (fo=463, routed)         0.597     1.551    u_controller/clk_IBUF_BUFG
    SLICE_X10Y32         FDCE                                         r  u_controller/FSM_onehot_state_q_reg[3]/C
  -------------------------------------------------------------------    -------------------
    SLICE_X10Y32         FDCE (Prop_fdce_C_Q)         0.118     1.669 r  u_controller/FSM_onehot_state_q_reg[3]/Q
                         net (fo=12, routed)          0.120     1.789    u_controller/FSM_onehot_state_q_reg[11]_0[2]
    SLICE_X8Y32          FDCE                                         r  u_controller/FSM_onehot_state_q_reg[0]/D
  -------------------------------------------------------------------    -------------------

                         (clock clk rise edge)        0.000     0.000 r  
    AA9                                               0.000     0.000 r  clk (IN)
                         net (fo=0)                   0.000     0.000    clk
    AA9                  IBUF (Prop_ibuf_I_O)         0.241     0.241 r  clk_IBUF_inst/O
                         net (fo=1, routed)           0.917     1.158    clk_IBUF
    BUFGCTRL_X0Y0        BUFG (Prop_bufg_I_O)         0.030     1.188 r  clk_IBUF_BUFG_inst/O
                         net (fo=463, routed)         0.815     2.003    u_controller/clk_IBUF_BUFG
    SLICE_X8Y32          FDCE                                         r  u_controller/FSM_onehot_state_q_reg[0]/C
                         clock pessimism             -0.422     1.581    
    SLICE_X8Y32          FDCE (Hold_fdce_C_D)         0.042     1.623    u_controller/FSM_onehot_state_q_reg[0]
  -------------------------------------------------------------------
                         required time                         -1.623    
                         arrival time                           1.789    
  -------------------------------------------------------------------
                         slack                                  0.166    

Slack (MET) :             0.194ns  (arrival time - required time)
  Source:                 u_layer_desc_regs/op_o_reg[1]/C
                            (rising edge-triggered cell FDCE clocked by clk  {rise@0.000ns fall@10.000ns period=20.000ns})
  Destination:            acc_q_reg[31]/D
                            (rising edge-triggered cell FDCE clocked by clk  {rise@0.000ns fall@10.000ns period=20.000ns})
  Path Group:             clk
  Path Type:              Hold (Min at Fast Process Corner)
  Requirement:            0.000ns  (clk rise@0.000ns - clk rise@0.000ns)
  Data Path Delay:        0.489ns  (logic 0.128ns (26.197%)  route 0.361ns (73.803%))
  Logic Levels:           1  (LUT6=1)
  Clock Path Skew:        0.234ns (DCD - SCD - CPR)
    Destination Clock Delay (DCD):    2.011ns
    Source Clock Delay      (SCD):    1.535ns
    Clock Pessimism Removal (CPR):    0.242ns

    Location             Delay type                Incr(ns)  Path(ns)    Netlist Resource(s)
  -------------------------------------------------------------------    -------------------
                         (clock clk rise edge)        0.000     0.000 r  
    AA9                                               0.000     0.000 r  clk (IN)
                         net (fo=0)                   0.000     0.000    clk
    AA9                  IBUF (Prop_ibuf_I_O)         0.075     0.075 r  clk_IBUF_inst/O
                         net (fo=1, routed)           0.853     0.928    clk_IBUF
    BUFGCTRL_X0Y0        BUFG (Prop_bufg_I_O)         0.026     0.954 r  clk_IBUF_BUFG_inst/O
                         net (fo=463, routed)         0.581     1.535    u_layer_desc_regs/clk_IBUF_BUFG
    SLICE_X4Y51          FDCE                                         r  u_layer_desc_regs/op_o_reg[1]/C
  -------------------------------------------------------------------    -------------------
    SLICE_X4Y51          FDCE (Prop_fdce_C_Q)         0.100     1.635 r  u_layer_desc_regs/op_o_reg[1]/Q
                         net (fo=77, routed)          0.361     1.995    u_layer_desc_regs/Q[1]
    SLICE_X13Y45         LUT6 (Prop_lut6_I2_O)        0.028     2.023 r  u_layer_desc_regs/acc_q[31]_i_2/O
                         net (fo=1, routed)           0.000     2.023    p_1_in[31]
    SLICE_X13Y45         FDCE                                         r  acc_q_reg[31]/D
  -------------------------------------------------------------------    -------------------

                         (clock clk rise edge)        0.000     0.000 r  
    AA9                                               0.000     0.000 r  clk (IN)
                         net (fo=0)                   0.000     0.000    clk
    AA9                  IBUF (Prop_ibuf_I_O)         0.241     0.241 r  clk_IBUF_inst/O
                         net (fo=1, routed)           0.917     1.158    clk_IBUF
    BUFGCTRL_X0Y0        BUFG (Prop_bufg_I_O)         0.030     1.188 r  clk_IBUF_BUFG_inst/O
                         net (fo=463, routed)         0.823     2.011    clk_IBUF_BUFG
    SLICE_X13Y45         FDCE                                         r  acc_q_reg[31]/C
                         clock pessimism             -0.242     1.769    
    SLICE_X13Y45         FDCE (Hold_fdce_C_D)         0.061     1.830    acc_q_reg[31]
  -------------------------------------------------------------------
                         required time                         -1.830    
                         arrival time                           2.023    
  -------------------------------------------------------------------
                         slack                                  0.194    

Slack (MET) :             0.208ns  (arrival time - required time)
  Source:                 u_controller/FSM_onehot_state_q_reg[4]/C
                            (rising edge-triggered cell FDPE clocked by clk  {rise@0.000ns fall@10.000ns period=20.000ns})
  Destination:            u_controller/FSM_onehot_state_q_reg[4]/D
                            (rising edge-triggered cell FDPE clocked by clk  {rise@0.000ns fall@10.000ns period=20.000ns})
  Path Group:             clk
  Path Type:              Hold (Min at Fast Process Corner)
  Requirement:            0.000ns  (clk rise@0.000ns - clk rise@0.000ns)
  Data Path Delay:        0.268ns  (logic 0.128ns (47.711%)  route 0.140ns (52.289%))
  Logic Levels:           1  (LUT5=1)
  Clock Path Skew:        0.000ns (DCD - SCD - CPR)
    Destination Clock Delay (DCD):    2.032ns
    Source Clock Delay      (SCD):    1.578ns
    Clock Pessimism Removal (CPR):    0.454ns

    Location             Delay type                Incr(ns)  Path(ns)    Netlist Resource(s)
  -------------------------------------------------------------------    -------------------
                         (clock clk rise edge)        0.000     0.000 r  
    AA9                                               0.000     0.000 r  clk (IN)
                         net (fo=0)                   0.000     0.000    clk
    AA9                  IBUF (Prop_ibuf_I_O)         0.075     0.075 r  clk_IBUF_inst/O
                         net (fo=1, routed)           0.853     0.928    clk_IBUF
    BUFGCTRL_X0Y0        BUFG (Prop_bufg_I_O)         0.026     0.954 r  clk_IBUF_BUFG_inst/O
                         net (fo=463, routed)         0.624     1.578    u_controller/clk_IBUF_BUFG
    SLICE_X7Y30          FDPE                                         r  u_controller/FSM_onehot_state_q_reg[4]/C
  -------------------------------------------------------------------    -------------------
    SLICE_X7Y30          FDPE (Prop_fdpe_C_Q)         0.100     1.678 f  u_controller/FSM_onehot_state_q_reg[4]/Q
                         net (fo=43, routed)          0.140     1.818    u_controller/FSM_onehot_state_q_reg[4]_0
    SLICE_X7Y30          LUT5 (Prop_lut5_I1_O)        0.028     1.846 r  u_controller/FSM_onehot_state_q[4]_i_1/O
                         net (fo=1, routed)           0.000     1.846    u_controller/FSM_onehot_state_q[4]_i_1_n_0
    SLICE_X7Y30          FDPE                                         r  u_controller/FSM_onehot_state_q_reg[4]/D
  -------------------------------------------------------------------    -------------------

                         (clock clk rise edge)        0.000     0.000 r  
    AA9                                               0.000     0.000 r  clk (IN)
                         net (fo=0)                   0.000     0.000    clk
    AA9                  IBUF (Prop_ibuf_I_O)         0.241     0.241 r  clk_IBUF_inst/O
                         net (fo=1, routed)           0.917     1.158    clk_IBUF
    BUFGCTRL_X0Y0        BUFG (Prop_bufg_I_O)         0.030     1.188 r  clk_IBUF_BUFG_inst/O
                         net (fo=463, routed)         0.844     2.032    u_controller/clk_IBUF_BUFG
    SLICE_X7Y30          FDPE                                         r  u_controller/FSM_onehot_state_q_reg[4]/C
                         clock pessimism             -0.454     1.578    
    SLICE_X7Y30          FDPE (Hold_fdpe_C_D)         0.060     1.638    u_controller/FSM_onehot_state_q_reg[4]
  -------------------------------------------------------------------
                         required time                         -1.638    
                         arrival time                           1.846    
  -------------------------------------------------------------------
                         slack                                  0.208    

Slack (MET) :             0.212ns  (arrival time - required time)
  Source:                 u_controller/FSM_onehot_state_q_reg[9]/C
                            (rising edge-triggered cell FDCE clocked by clk  {rise@0.000ns fall@10.000ns period=20.000ns})
  Destination:            u_controller/FSM_onehot_state_q_reg[3]/D
                            (rising edge-triggered cell FDCE clocked by clk  {rise@0.000ns fall@10.000ns period=20.000ns})
  Path Group:             clk
  Path Type:              Hold (Min at Fast Process Corner)
  Requirement:            0.000ns  (clk rise@0.000ns - clk rise@0.000ns)
  Data Path Delay:        0.310ns  (logic 0.146ns (47.047%)  route 0.164ns (52.953%))
  Logic Levels:           1  (LUT6=1)
  Clock Path Skew:        0.011ns (DCD - SCD - CPR)
    Destination Clock Delay (DCD):    2.003ns
    Source Clock Delay      (SCD):    1.552ns
    Clock Pessimism Removal (CPR):    0.440ns

    Location             Delay type                Incr(ns)  Path(ns)    Netlist Resource(s)
  -------------------------------------------------------------------    -------------------
                         (clock clk rise edge)        0.000     0.000 r  
    AA9                                               0.000     0.000 r  clk (IN)
                         net (fo=0)                   0.000     0.000    clk
    AA9                  IBUF (Prop_ibuf_I_O)         0.075     0.075 r  clk_IBUF_inst/O
                         net (fo=1, routed)           0.853     0.928    clk_IBUF
    BUFGCTRL_X0Y0        BUFG (Prop_bufg_I_O)         0.026     0.954 r  clk_IBUF_BUFG_inst/O
                         net (fo=463, routed)         0.598     1.552    u_controller/clk_IBUF_BUFG
    SLICE_X10Y33         FDCE                                         r  u_controller/FSM_onehot_state_q_reg[9]/C
  -------------------------------------------------------------------    -------------------
    SLICE_X10Y33         FDCE (Prop_fdce_C_Q)         0.118     1.670 r  u_controller/FSM_onehot_state_q_reg[9]/Q
                         net (fo=71, routed)          0.164     1.834    u_controller/ofm_write
    SLICE_X10Y32         LUT6 (Prop_lut6_I1_O)        0.028     1.862 r  u_controller/FSM_onehot_state_q[3]_i_1/O
                         net (fo=1, routed)           0.000     1.862    u_controller/FSM_onehot_state_q[3]_i_1_n_0
    SLICE_X10Y32         FDCE                                         r  u_controller/FSM_onehot_state_q_reg[3]/D
  -------------------------------------------------------------------    -------------------

                         (clock clk rise edge)        0.000     0.000 r  
    AA9                                               0.000     0.000 r  clk (IN)
                         net (fo=0)                   0.000     0.000    clk
    AA9                  IBUF (Prop_ibuf_I_O)         0.241     0.241 r  clk_IBUF_inst/O
                         net (fo=1, routed)           0.917     1.158    clk_IBUF
    BUFGCTRL_X0Y0        BUFG (Prop_bufg_I_O)         0.030     1.188 r  clk_IBUF_BUFG_inst/O
                         net (fo=463, routed)         0.815     2.003    u_controller/clk_IBUF_BUFG
    SLICE_X10Y32         FDCE                                         r  u_controller/FSM_onehot_state_q_reg[3]/C
                         clock pessimism             -0.440     1.563    
    SLICE_X10Y32         FDCE (Hold_fdce_C_D)         0.087     1.650    u_controller/FSM_onehot_state_q_reg[3]
  -------------------------------------------------------------------
                         required time                         -1.650    
                         arrival time                           1.862    
  -------------------------------------------------------------------
                         slack                                  0.212    

Slack (MET) :             0.220ns  (arrival time - required time)
  Source:                 u_controller/ic_q_reg[0]/C
                            (rising edge-triggered cell FDCE clocked by clk  {rise@0.000ns fall@10.000ns period=20.000ns})
  Destination:            u_controller/ic_q_reg[0]/D
                            (rising edge-triggered cell FDCE clocked by clk  {rise@0.000ns fall@10.000ns period=20.000ns})
  Path Group:             clk
  Path Type:              Hold (Min at Fast Process Corner)
  Requirement:            0.000ns  (clk rise@0.000ns - clk rise@0.000ns)
  Data Path Delay:        0.280ns  (logic 0.128ns (45.670%)  route 0.152ns (54.330%))
  Logic Levels:           1  (LUT6=1)
  Clock Path Skew:        0.000ns (DCD - SCD - CPR)
    Destination Clock Delay (DCD):    2.030ns
    Source Clock Delay      (SCD):    1.576ns
    Clock Pessimism Removal (CPR):    0.454ns

    Location             Delay type                Incr(ns)  Path(ns)    Netlist Resource(s)
  -------------------------------------------------------------------    -------------------
                         (clock clk rise edge)        0.000     0.000 r  
    AA9                                               0.000     0.000 r  clk (IN)
                         net (fo=0)                   0.000     0.000    clk
    AA9                  IBUF (Prop_ibuf_I_O)         0.075     0.075 r  clk_IBUF_inst/O
                         net (fo=1, routed)           0.853     0.928    clk_IBUF
    BUFGCTRL_X0Y0        BUFG (Prop_bufg_I_O)         0.026     0.954 r  clk_IBUF_BUFG_inst/O
                         net (fo=463, routed)         0.622     1.576    u_controller/clk_IBUF_BUFG
    SLICE_X7Y21          FDCE                                         r  u_controller/ic_q_reg[0]/C
  -------------------------------------------------------------------    -------------------
    SLICE_X7Y21          FDCE (Prop_fdce_C_Q)         0.100     1.676 f  u_controller/ic_q_reg[0]/Q
                         net (fo=4, routed)           0.152     1.828    u_controller/ic_q__0[0]
    SLICE_X7Y21          LUT6 (Prop_lut6_I4_O)        0.028     1.856 r  u_controller/ic_q[0]_i_1/O
                         net (fo=1, routed)           0.000     1.856    u_controller/ic_q[0]_i_1_n_0
    SLICE_X7Y21          FDCE                                         r  u_controller/ic_q_reg[0]/D
  -------------------------------------------------------------------    -------------------

                         (clock clk rise edge)        0.000     0.000 r  
    AA9                                               0.000     0.000 r  clk (IN)
                         net (fo=0)                   0.000     0.000    clk
    AA9                  IBUF (Prop_ibuf_I_O)         0.241     0.241 r  clk_IBUF_inst/O
                         net (fo=1, routed)           0.917     1.158    clk_IBUF
    BUFGCTRL_X0Y0        BUFG (Prop_bufg_I_O)         0.030     1.188 r  clk_IBUF_BUFG_inst/O
                         net (fo=463, routed)         0.842     2.030    u_controller/clk_IBUF_BUFG
    SLICE_X7Y21          FDCE                                         r  u_controller/ic_q_reg[0]/C
                         clock pessimism             -0.454     1.576    
    SLICE_X7Y21          FDCE (Hold_fdce_C_D)         0.060     1.636    u_controller/ic_q_reg[0]
  -------------------------------------------------------------------
                         required time                         -1.636    
                         arrival time                           1.856    
  -------------------------------------------------------------------
                         slack                                  0.220    

Slack (MET) :             0.220ns  (arrival time - required time)
  Source:                 u_bias_scale_bank/host_param_sel_q_reg[1]/C
                            (rising edge-triggered cell FDCE clocked by clk  {rise@0.000ns fall@10.000ns period=20.000ns})
  Destination:            u_bias_scale_bank/host_param_sel_q_reg[1]/D
                            (rising edge-triggered cell FDCE clocked by clk  {rise@0.000ns fall@10.000ns period=20.000ns})
  Path Group:             clk
  Path Type:              Hold (Min at Fast Process Corner)
  Requirement:            0.000ns  (clk rise@0.000ns - clk rise@0.000ns)
  Data Path Delay:        0.307ns  (logic 0.146ns (47.513%)  route 0.161ns (52.487%))
  Logic Levels:           1  (LUT6=1)
  Clock Path Skew:        0.000ns (DCD - SCD - CPR)
    Destination Clock Delay (DCD):    2.012ns
    Source Clock Delay      (SCD):    1.558ns
    Clock Pessimism Removal (CPR):    0.454ns

    Location             Delay type                Incr(ns)  Path(ns)    Netlist Resource(s)
  -------------------------------------------------------------------    -------------------
                         (clock clk rise edge)        0.000     0.000 r  
    AA9                                               0.000     0.000 r  clk (IN)
                         net (fo=0)                   0.000     0.000    clk
    AA9                  IBUF (Prop_ibuf_I_O)         0.075     0.075 r  clk_IBUF_inst/O
                         net (fo=1, routed)           0.853     0.928    clk_IBUF
    BUFGCTRL_X0Y0        BUFG (Prop_bufg_I_O)         0.026     0.954 r  clk_IBUF_BUFG_inst/O
                         net (fo=463, routed)         0.604     1.558    u_bias_scale_bank/clk_IBUF_BUFG
    SLICE_X8Y49          FDCE                                         r  u_bias_scale_bank/host_param_sel_q_reg[1]/C
  -------------------------------------------------------------------    -------------------
    SLICE_X8Y49          FDCE (Prop_fdce_C_Q)         0.118     1.676 r  u_bias_scale_bank/host_param_sel_q_reg[1]/Q
                         net (fo=33, routed)          0.161     1.837    u_bias_scale_bank/host_param_sel_q[1]
    SLICE_X8Y49          LUT6 (Prop_lut6_I5_O)        0.028     1.865 r  u_bias_scale_bank/host_param_sel_q[1]_i_1/O
                         net (fo=1, routed)           0.000     1.865    u_bias_scale_bank/host_param_sel_q[1]_i_1_n_0
    SLICE_X8Y49          FDCE                                         r  u_bias_scale_bank/host_param_sel_q_reg[1]/D
  -------------------------------------------------------------------    -------------------

                         (clock clk rise edge)        0.000     0.000 r  
    AA9                                               0.000     0.000 r  clk (IN)
                         net (fo=0)                   0.000     0.000    clk
    AA9                  IBUF (Prop_ibuf_I_O)         0.241     0.241 r  clk_IBUF_inst/O
                         net (fo=1, routed)           0.917     1.158    clk_IBUF
    BUFGCTRL_X0Y0        BUFG (Prop_bufg_I_O)         0.030     1.188 r  clk_IBUF_BUFG_inst/O
                         net (fo=463, routed)         0.824     2.012    u_bias_scale_bank/clk_IBUF_BUFG
    SLICE_X8Y49          FDCE                                         r  u_bias_scale_bank/host_param_sel_q_reg[1]/C
                         clock pessimism             -0.454     1.558    
    SLICE_X8Y49          FDCE (Hold_fdce_C_D)         0.087     1.645    u_bias_scale_bank/host_param_sel_q_reg[1]
  -------------------------------------------------------------------
                         required time                         -1.645    
                         arrival time                           1.865    
  -------------------------------------------------------------------
                         slack                                  0.220    

Slack (MET) :             0.221ns  (arrival time - required time)
  Source:                 u_ifm_bank/host_bank_q_reg/C
                            (rising edge-triggered cell FDCE clocked by clk  {rise@0.000ns fall@10.000ns period=20.000ns})
  Destination:            u_ifm_bank/host_bank_q_reg/D
                            (rising edge-triggered cell FDCE clocked by clk  {rise@0.000ns fall@10.000ns period=20.000ns})
  Path Group:             clk
  Path Type:              Hold (Min at Fast Process Corner)
  Requirement:            0.000ns  (clk rise@0.000ns - clk rise@0.000ns)
  Data Path Delay:        0.308ns  (logic 0.146ns (47.417%)  route 0.162ns (52.583%))
  Logic Levels:           1  (LUT6=1)
  Clock Path Skew:        0.000ns (DCD - SCD - CPR)
    Destination Clock Delay (DCD):    2.008ns
    Source Clock Delay      (SCD):    1.554ns
    Clock Pessimism Removal (CPR):    0.454ns

    Location             Delay type                Incr(ns)  Path(ns)    Netlist Resource(s)
  -------------------------------------------------------------------    -------------------
                         (clock clk rise edge)        0.000     0.000 r  
    AA9                                               0.000     0.000 r  clk (IN)
                         net (fo=0)                   0.000     0.000    clk
    AA9                  IBUF (Prop_ibuf_I_O)         0.075     0.075 r  clk_IBUF_inst/O
                         net (fo=1, routed)           0.853     0.928    clk_IBUF
    BUFGCTRL_X0Y0        BUFG (Prop_bufg_I_O)         0.026     0.954 r  clk_IBUF_BUFG_inst/O
                         net (fo=463, routed)         0.600     1.554    u_ifm_bank/clk_IBUF_BUFG
    SLICE_X20Y40         FDCE                                         r  u_ifm_bank/host_bank_q_reg/C
  -------------------------------------------------------------------    -------------------
    SLICE_X20Y40         FDCE (Prop_fdce_C_Q)         0.118     1.672 r  u_ifm_bank/host_bank_q_reg/Q
                         net (fo=9, routed)           0.162     1.834    u_ifm_bank/host_bank_q
    SLICE_X20Y40         LUT6 (Prop_lut6_I5_O)        0.028     1.862 r  u_ifm_bank/host_bank_q_i_1/O
                         net (fo=1, routed)           0.000     1.862    u_ifm_bank/host_bank_q_i_1_n_0
    SLICE_X20Y40         FDCE                                         r  u_ifm_bank/host_bank_q_reg/D
  -------------------------------------------------------------------    -------------------

                         (clock clk rise edge)        0.000     0.000 r  
    AA9                                               0.000     0.000 r  clk (IN)
                         net (fo=0)                   0.000     0.000    clk
    AA9                  IBUF (Prop_ibuf_I_O)         0.241     0.241 r  clk_IBUF_inst/O
                         net (fo=1, routed)           0.917     1.158    clk_IBUF
    BUFGCTRL_X0Y0        BUFG (Prop_bufg_I_O)         0.030     1.188 r  clk_IBUF_BUFG_inst/O
                         net (fo=463, routed)         0.820     2.008    u_ifm_bank/clk_IBUF_BUFG
    SLICE_X20Y40         FDCE                                         r  u_ifm_bank/host_bank_q_reg/C
                         clock pessimism             -0.454     1.554    
    SLICE_X20Y40         FDCE (Hold_fdce_C_D)         0.087     1.641    u_ifm_bank/host_bank_q_reg
  -------------------------------------------------------------------
                         required time                         -1.641    
                         arrival time                           1.862    
  -------------------------------------------------------------------
                         slack                                  0.221    

Slack (MET) :             0.221ns  (arrival time - required time)
  Source:                 u_controller/k_q_reg[6]/C
                            (rising edge-triggered cell FDCE clocked by clk  {rise@0.000ns fall@10.000ns period=20.000ns})
  Destination:            u_controller/k_q_reg[7]/D
                            (rising edge-triggered cell FDCE clocked by clk  {rise@0.000ns fall@10.000ns period=20.000ns})
  Path Group:             clk
  Path Type:              Hold (Min at Fast Process Corner)
  Requirement:            0.000ns  (clk rise@0.000ns - clk rise@0.000ns)
  Data Path Delay:        0.317ns  (logic 0.145ns (45.733%)  route 0.172ns (54.268%))
  Logic Levels:           1  (LUT4=1)
  Clock Path Skew:        0.000ns (DCD - SCD - CPR)
    Destination Clock Delay (DCD):    2.003ns
    Source Clock Delay      (SCD):    1.551ns
    Clock Pessimism Removal (CPR):    0.452ns

    Location             Delay type                Incr(ns)  Path(ns)    Netlist Resource(s)
  -------------------------------------------------------------------    -------------------
                         (clock clk rise edge)        0.000     0.000 r  
    AA9                                               0.000     0.000 r  clk (IN)
                         net (fo=0)                   0.000     0.000    clk
    AA9                  IBUF (Prop_ibuf_I_O)         0.075     0.075 r  clk_IBUF_inst/O
                         net (fo=1, routed)           0.853     0.928    clk_IBUF
    BUFGCTRL_X0Y0        BUFG (Prop_bufg_I_O)         0.026     0.954 r  clk_IBUF_BUFG_inst/O
                         net (fo=463, routed)         0.597     1.551    u_controller/clk_IBUF_BUFG
    SLICE_X8Y17          FDCE                                         r  u_controller/k_q_reg[6]/C
  -------------------------------------------------------------------    -------------------
    SLICE_X8Y17          FDCE (Prop_fdce_C_Q)         0.118     1.669 r  u_controller/k_q_reg[6]/Q
                         net (fo=23, routed)          0.172     1.841    u_controller/k_q_reg[7]_0[6]
    SLICE_X8Y17          LUT4 (Prop_lut4_I1_O)        0.027     1.868 r  u_controller/k_q[7]_i_2/O
                         net (fo=1, routed)           0.000     1.868    u_controller/k_q[7]_i_2_n_0
    SLICE_X8Y17          FDCE                                         r  u_controller/k_q_reg[7]/D
  -------------------------------------------------------------------    -------------------

                         (clock clk rise edge)        0.000     0.000 r  
    AA9                                               0.000     0.000 r  clk (IN)
                         net (fo=0)                   0.000     0.000    clk
    AA9                  IBUF (Prop_ibuf_I_O)         0.241     0.241 r  clk_IBUF_inst/O
                         net (fo=1, routed)           0.917     1.158    clk_IBUF
    BUFGCTRL_X0Y0        BUFG (Prop_bufg_I_O)         0.030     1.188 r  clk_IBUF_BUFG_inst/O
                         net (fo=463, routed)         0.815     2.003    u_controller/clk_IBUF_BUFG
    SLICE_X8Y17          FDCE                                         r  u_controller/k_q_reg[7]/C
                         clock pessimism             -0.452     1.551    
    SLICE_X8Y17          FDCE (Hold_fdce_C_D)         0.096     1.647    u_controller/k_q_reg[7]
  -------------------------------------------------------------------
                         required time                         -1.647    
                         arrival time                           1.868    
  -------------------------------------------------------------------
                         slack                                  0.221    

Slack (MET) :             0.222ns  (arrival time - required time)
  Source:                 u_controller/FSM_onehot_state_q_reg[3]/C
                            (rising edge-triggered cell FDCE clocked by clk  {rise@0.000ns fall@10.000ns period=20.000ns})
  Destination:            u_bias_scale_bank/u_bias_bram/mem_reg_0/ENBWREN
                            (rising edge-triggered cell RAMB36E1 clocked by clk  {rise@0.000ns fall@10.000ns period=20.000ns})
  Path Group:             clk
  Path Type:              Hold (Min at Fast Process Corner)
  Requirement:            0.000ns  (clk rise@0.000ns - clk rise@0.000ns)
  Data Path Delay:        0.381ns  (logic 0.118ns (31.000%)  route 0.263ns (69.000%))
  Logic Levels:           0  
  Clock Path Skew:        0.063ns (DCD - SCD - CPR)
    Destination Clock Delay (DCD):    2.035ns
    Source Clock Delay      (SCD):    1.551ns
    Clock Pessimism Removal (CPR):    0.422ns

    Location             Delay type                Incr(ns)  Path(ns)    Netlist Resource(s)
  -------------------------------------------------------------------    -------------------
                         (clock clk rise edge)        0.000     0.000 r  
    AA9                                               0.000     0.000 r  clk (IN)
                         net (fo=0)                   0.000     0.000    clk
    AA9                  IBUF (Prop_ibuf_I_O)         0.075     0.075 r  clk_IBUF_inst/O
                         net (fo=1, routed)           0.853     0.928    clk_IBUF
    BUFGCTRL_X0Y0        BUFG (Prop_bufg_I_O)         0.026     0.954 r  clk_IBUF_BUFG_inst/O
                         net (fo=463, routed)         0.597     1.551    u_controller/clk_IBUF_BUFG
    SLICE_X10Y32         FDCE                                         r  u_controller/FSM_onehot_state_q_reg[3]/C
  -------------------------------------------------------------------    -------------------
    SLICE_X10Y32         FDCE (Prop_fdce_C_Q)         0.118     1.669 r  u_controller/FSM_onehot_state_q_reg[3]/Q
                         net (fo=12, routed)          0.263     1.931    u_bias_scale_bank/u_bias_bram/mem_reg_0_0[0]
    RAMB36_X0Y6          RAMB36E1                                     r  u_bias_scale_bank/u_bias_bram/mem_reg_0/ENBWREN
  -------------------------------------------------------------------    -------------------

                         (clock clk rise edge)        0.000     0.000 r  
    AA9                                               0.000     0.000 r  clk (IN)
                         net (fo=0)                   0.000     0.000    clk
    AA9                  IBUF (Prop_ibuf_I_O)         0.241     0.241 r  clk_IBUF_inst/O
                         net (fo=1, routed)           0.917     1.158    clk_IBUF
    BUFGCTRL_X0Y0        BUFG (Prop_bufg_I_O)         0.030     1.188 r  clk_IBUF_BUFG_inst/O
                         net (fo=463, routed)         0.848     2.035    u_bias_scale_bank/u_bias_bram/clk_IBUF_BUFG
    RAMB36_X0Y6          RAMB36E1                                     r  u_bias_scale_bank/u_bias_bram/mem_reg_0/CLKBWRCLK
                         clock pessimism             -0.422     1.613    
    RAMB36_X0Y6          RAMB36E1 (Hold_ramb36e1_CLKBWRCLK_ENBWREN)
                                                      0.096     1.709    u_bias_scale_bank/u_bias_bram/mem_reg_0
  -------------------------------------------------------------------
                         required time                         -1.709    
                         arrival time                           1.931    
  -------------------------------------------------------------------
                         slack                                  0.222    

Slack (MET) :             0.225ns  (arrival time - required time)
  Source:                 post_data_q_reg[2]/C
                            (rising edge-triggered cell FDCE clocked by clk  {rise@0.000ns fall@10.000ns period=20.000ns})
  Destination:            u_ofm_bank/u_pong_bram/mem_reg_0_2/DIADI[0]
                            (rising edge-triggered cell RAMB36E1 clocked by clk  {rise@0.000ns fall@10.000ns period=20.000ns})
  Path Group:             clk
  Path Type:              Hold (Min at Fast Process Corner)
  Requirement:            0.000ns  (clk rise@0.000ns - clk rise@0.000ns)
  Data Path Delay:        0.553ns  (logic 0.118ns (21.346%)  route 0.435ns (78.654%))
  Logic Levels:           0  
  Clock Path Skew:        0.173ns (DCD - SCD - CPR)
    Destination Clock Delay (DCD):    1.968ns
    Source Clock Delay      (SCD):    1.554ns
    Clock Pessimism Removal (CPR):    0.242ns

    Location             Delay type                Incr(ns)  Path(ns)    Netlist Resource(s)
  -------------------------------------------------------------------    -------------------
                         (clock clk rise edge)        0.000     0.000 r  
    AA9                                               0.000     0.000 r  clk (IN)
                         net (fo=0)                   0.000     0.000    clk
    AA9                  IBUF (Prop_ibuf_I_O)         0.075     0.075 r  clk_IBUF_inst/O
                         net (fo=1, routed)           0.853     0.928    clk_IBUF
    BUFGCTRL_X0Y0        BUFG (Prop_bufg_I_O)         0.026     0.954 r  clk_IBUF_BUFG_inst/O
                         net (fo=463, routed)         0.600     1.554    clk_IBUF_BUFG
    SLICE_X12Y39         FDCE                                         r  post_data_q_reg[2]/C
  -------------------------------------------------------------------    -------------------
    SLICE_X12Y39         FDCE (Prop_fdce_C_Q)         0.118     1.672 r  post_data_q_reg[2]/Q
                         net (fo=4, routed)           0.435     2.107    u_ofm_bank/u_pong_bram/Q[2]
    RAMB36_X1Y11         RAMB36E1                                     r  u_ofm_bank/u_pong_bram/mem_reg_0_2/DIADI[0]
  -------------------------------------------------------------------    -------------------

                         (clock clk rise edge)        0.000     0.000 r  
    AA9                                               0.000     0.000 r  clk (IN)
                         net (fo=0)                   0.000     0.000    clk
    AA9                  IBUF (Prop_ibuf_I_O)         0.241     0.241 r  clk_IBUF_inst/O
                         net (fo=1, routed)           0.917     1.158    clk_IBUF
    BUFGCTRL_X0Y0        BUFG (Prop_bufg_I_O)         0.030     1.188 r  clk_IBUF_BUFG_inst/O
                         net (fo=463, routed)         0.781     1.968    u_ofm_bank/u_pong_bram/clk_IBUF_BUFG
    RAMB36_X1Y11         RAMB36E1                                     r  u_ofm_bank/u_pong_bram/mem_reg_0_2/CLKARDCLK
                         clock pessimism             -0.242     1.726    
    RAMB36_X1Y11         RAMB36E1 (Hold_ramb36e1_CLKARDCLK_DIADI[0])
                                                      0.155     1.881    u_ofm_bank/u_pong_bram/mem_reg_0_2
  -------------------------------------------------------------------
                         required time                         -1.881    
                         arrival time                           2.107    
  -------------------------------------------------------------------
                         slack                                  0.225    





Pulse Width Checks
--------------------------------------------------------------------------------------
Clock Name:         clk
Waveform(ns):       { 0.000 10.000 }
Period(ns):         20.000
Sources:            { clk }

Check Type        Corner  Lib Pin             Reference Pin  Required(ns)  Actual(ns)  Slack(ns)  Location      Pin
Min Period        n/a     RAMB36E1/CLKARDCLK  n/a            2.850         20.000      17.150     RAMB36_X2Y6   u_ifm_bank/u_ping_bram/mem_reg_0_0/CLKARDCLK
Min Period        n/a     RAMB36E1/CLKARDCLK  n/a            2.850         20.000      17.150     RAMB36_X1Y4   u_ifm_bank/u_ping_bram/mem_reg_0_1/CLKARDCLK
Min Period        n/a     RAMB36E1/CLKARDCLK  n/a            2.850         20.000      17.150     RAMB36_X2Y0   u_ifm_bank/u_ping_bram/mem_reg_0_2/CLKARDCLK
Min Period        n/a     RAMB36E1/CLKARDCLK  n/a            2.850         20.000      17.150     RAMB36_X1Y23  u_ifm_bank/u_ping_bram/mem_reg_0_3/CLKARDCLK
Min Period        n/a     RAMB36E1/CLKARDCLK  n/a            2.850         20.000      17.150     RAMB36_X0Y2   u_ifm_bank/u_ping_bram/mem_reg_0_4/CLKARDCLK
Min Period        n/a     RAMB36E1/CLKARDCLK  n/a            2.850         20.000      17.150     RAMB36_X3Y2   u_ifm_bank/u_ping_bram/mem_reg_0_5/CLKARDCLK
Min Period        n/a     RAMB36E1/CLKARDCLK  n/a            2.850         20.000      17.150     RAMB36_X1Y0   u_ifm_bank/u_ping_bram/mem_reg_0_6/CLKARDCLK
Min Period        n/a     RAMB36E1/CLKARDCLK  n/a            2.850         20.000      17.150     RAMB36_X2Y4   u_ifm_bank/u_ping_bram/mem_reg_0_7/CLKARDCLK
Min Period        n/a     RAMB36E1/CLKARDCLK  n/a            2.850         20.000      17.150     RAMB36_X2Y7   u_ifm_bank/u_ping_bram/mem_reg_1_0/CLKARDCLK
Min Period        n/a     RAMB36E1/CLKARDCLK  n/a            2.850         20.000      17.150     RAMB36_X1Y5   u_ifm_bank/u_ping_bram/mem_reg_1_1/CLKARDCLK
Low Pulse Width   Slow    FDCE/C              n/a            0.400         10.000      9.600      SLICE_X8Y32   u_controller/FSM_onehot_state_q_reg[0]/C
Low Pulse Width   Fast    FDCE/C              n/a            0.400         10.000      9.600      SLICE_X8Y32   u_controller/FSM_onehot_state_q_reg[0]/C
Low Pulse Width   Slow    FDCE/C              n/a            0.400         10.000      9.600      SLICE_X8Y20   u_controller/k_q_reg[3]/C
Low Pulse Width   Fast    FDCE/C              n/a            0.400         10.000      9.600      SLICE_X8Y20   u_controller/k_q_reg[3]/C
Low Pulse Width   Slow    FDCE/C              n/a            0.400         10.000      9.600      SLICE_X8Y20   u_controller/k_q_reg[5]/C
Low Pulse Width   Fast    FDCE/C              n/a            0.400         10.000      9.600      SLICE_X8Y20   u_controller/k_q_reg[5]/C
Low Pulse Width   Slow    FDCE/C              n/a            0.400         10.000      9.600      SLICE_X8Y17   u_controller/k_q_reg[7]/C
Low Pulse Width   Fast    FDCE/C              n/a            0.400         10.000      9.600      SLICE_X8Y17   u_controller/k_q_reg[7]/C
Low Pulse Width   Slow    FDCE/C              n/a            0.400         10.000      9.600      SLICE_X17Y31  u_controller/t_q_reg[11]/C
Low Pulse Width   Fast    FDCE/C              n/a            0.400         10.000      9.600      SLICE_X17Y31  u_controller/t_q_reg[11]/C
High Pulse Width  Slow    FDCE/C              n/a            0.350         10.000      9.650      SLICE_X9Y35   acc_q_reg[0]/C
High Pulse Width  Fast    FDCE/C              n/a            0.350         10.000      9.650      SLICE_X9Y35   acc_q_reg[0]/C
High Pulse Width  Slow    FDCE/C              n/a            0.350         10.000      9.650      SLICE_X10Y40  acc_q_reg[10]/C
High Pulse Width  Fast    FDCE/C              n/a            0.350         10.000      9.650      SLICE_X10Y40  acc_q_reg[10]/C
High Pulse Width  Slow    FDCE/C              n/a            0.350         10.000      9.650      SLICE_X8Y41   acc_q_reg[11]/C
High Pulse Width  Fast    FDCE/C              n/a            0.350         10.000      9.650      SLICE_X8Y41   acc_q_reg[11]/C
High Pulse Width  Slow    FDCE/C              n/a            0.350         10.000      9.650      SLICE_X9Y42   acc_q_reg[12]/C
High Pulse Width  Fast    FDCE/C              n/a            0.350         10.000      9.650      SLICE_X9Y42   acc_q_reg[12]/C
High Pulse Width  Slow    FDCE/C              n/a            0.350         10.000      9.650      SLICE_X9Y43   acc_q_reg[13]/C
High Pulse Width  Fast    FDCE/C              n/a            0.350         10.000      9.650      SLICE_X9Y43   acc_q_reg[13]/C



--------------------------------------------------------------------------------------
Path Group:  (none)
From Clock:  
  To Clock:  

Max Delay            32 Endpoints
Min Delay            32 Endpoints
--------------------------------------------------------------------------------------


Max Delay Paths
--------------------------------------------------------------------------------------
Slack:                    inf
  Source:                 host_sel_i[2]
                            (input port)
  Destination:            host_rdata_o[24]
                            (output port)
  Path Group:             (none)
  Path Type:              Max at Slow Process Corner
  Data Path Delay:        21.522ns  (logic 3.467ns (16.111%)  route 18.054ns (83.889%))
  Logic Levels:           5  (IBUF=1 LUT4=1 LUT5=1 LUT6=1 OBUF=1)

    Location             Delay type                Incr(ns)  Path(ns)    Netlist Resource(s)
  -------------------------------------------------------------------    -------------------
    G10                                               0.000     0.000 f  host_sel_i[2] (IN)
                         net (fo=0)                   0.000     0.000    host_sel_i[2]
    G10                  IBUF (Prop_ibuf_I_O)         0.826     0.826 f  host_sel_i_IBUF[2]_inst/O
                         net (fo=138, routed)         9.713    10.540    u_ifm_bank/u_ping_bram/host_sel_i_IBUF[2]
    SLICE_X44Y25         LUT5 (Prop_lut5_I0_O)        0.053    10.593 r  u_ifm_bank/u_ping_bram/host_rdata_o_OBUF[31]_inst_i_5/O
                         net (fo=1, routed)           1.875    12.468    u_ofm_bank/u_pong_bram/host_rdata_o_OBUF[31]_inst_i_1
    SLICE_X20Y53         LUT4 (Prop_lut4_I2_O)        0.053    12.521 r  u_ofm_bank/u_pong_bram/host_rdata_o_OBUF[31]_inst_i_3/O
                         net (fo=25, routed)          1.069    13.590    u_bias_scale_bank/u_bias_bram/host_rdata_o[7]
    SLICE_X12Y54         LUT6 (Prop_lut6_I5_O)        0.053    13.643 r  u_bias_scale_bank/u_bias_bram/host_rdata_o_OBUF[24]_inst_i_1/O
                         net (fo=1, routed)           5.397    19.040    host_rdata_o_OBUF[24]
    C12                  OBUF (Prop_obuf_I_O)         2.482    21.522 r  host_rdata_o_OBUF[24]_inst/O
                         net (fo=0)                   0.000    21.522    host_rdata_o[24]
    C12                                                               r  host_rdata_o[24] (OUT)
  -------------------------------------------------------------------    -------------------

Slack:                    inf
  Source:                 host_sel_i[2]
                            (input port)
  Destination:            host_rdata_o[16]
                            (output port)
  Path Group:             (none)
  Path Type:              Max at Slow Process Corner
  Data Path Delay:        21.521ns  (logic 3.456ns (16.060%)  route 18.064ns (83.940%))
  Logic Levels:           5  (IBUF=1 LUT4=1 LUT5=1 LUT6=1 OBUF=1)

    Location             Delay type                Incr(ns)  Path(ns)    Netlist Resource(s)
  -------------------------------------------------------------------    -------------------
    G10                                               0.000     0.000 f  host_sel_i[2] (IN)
                         net (fo=0)                   0.000     0.000    host_sel_i[2]
    G10                  IBUF (Prop_ibuf_I_O)         0.826     0.826 f  host_sel_i_IBUF[2]_inst/O
                         net (fo=138, routed)         9.713    10.540    u_ifm_bank/u_ping_bram/host_sel_i_IBUF[2]
    SLICE_X44Y25         LUT5 (Prop_lut5_I0_O)        0.053    10.593 r  u_ifm_bank/u_ping_bram/host_rdata_o_OBUF[31]_inst_i_5/O
                         net (fo=1, routed)           1.875    12.468    u_ofm_bank/u_pong_bram/host_rdata_o_OBUF[31]_inst_i_1
    SLICE_X20Y53         LUT4 (Prop_lut4_I2_O)        0.053    12.521 r  u_ofm_bank/u_pong_bram/host_rdata_o_OBUF[31]_inst_i_3/O
                         net (fo=25, routed)          1.594    14.115    u_bias_scale_bank/u_bias_bram/host_rdata_o[7]
    SLICE_X4Y53          LUT6 (Prop_lut6_I5_O)        0.053    14.168 r  u_bias_scale_bank/u_bias_bram/host_rdata_o_OBUF[16]_inst_i_1/O
                         net (fo=1, routed)           4.882    19.050    host_rdata_o_OBUF[16]
    D14                  OBUF (Prop_obuf_I_O)         2.471    21.521 r  host_rdata_o_OBUF[16]_inst/O
                         net (fo=0)                   0.000    21.521    host_rdata_o[16]
    D14                                                               r  host_rdata_o[16] (OUT)
  -------------------------------------------------------------------    -------------------

Slack:                    inf
  Source:                 host_sel_i[2]
                            (input port)
  Destination:            host_rdata_o[29]
                            (output port)
  Path Group:             (none)
  Path Type:              Max at Slow Process Corner
  Data Path Delay:        21.449ns  (logic 3.490ns (16.269%)  route 17.959ns (83.731%))
  Logic Levels:           5  (IBUF=1 LUT4=1 LUT5=1 LUT6=1 OBUF=1)

    Location             Delay type                Incr(ns)  Path(ns)    Netlist Resource(s)
  -------------------------------------------------------------------    -------------------
    G10                                               0.000     0.000 f  host_sel_i[2] (IN)
                         net (fo=0)                   0.000     0.000    host_sel_i[2]
    G10                  IBUF (Prop_ibuf_I_O)         0.826     0.826 f  host_sel_i_IBUF[2]_inst/O
                         net (fo=138, routed)         9.713    10.540    u_ifm_bank/u_ping_bram/host_sel_i_IBUF[2]
    SLICE_X44Y25         LUT5 (Prop_lut5_I0_O)        0.053    10.593 r  u_ifm_bank/u_ping_bram/host_rdata_o_OBUF[31]_inst_i_5/O
                         net (fo=1, routed)           1.875    12.468    u_ofm_bank/u_pong_bram/host_rdata_o_OBUF[31]_inst_i_1
    SLICE_X20Y53         LUT4 (Prop_lut4_I2_O)        0.053    12.521 r  u_ofm_bank/u_pong_bram/host_rdata_o_OBUF[31]_inst_i_3/O
                         net (fo=25, routed)          1.269    13.790    u_bias_scale_bank/u_bias_bram/host_rdata_o[7]
    SLICE_X12Y67         LUT6 (Prop_lut6_I5_O)        0.053    13.843 r  u_bias_scale_bank/u_bias_bram/host_rdata_o_OBUF[29]_inst_i_1/O
                         net (fo=1, routed)           5.102    18.945    host_rdata_o_OBUF[29]
    B9                   OBUF (Prop_obuf_I_O)         2.504    21.449 r  host_rdata_o_OBUF[29]_inst/O
                         net (fo=0)                   0.000    21.449    host_rdata_o[29]
    B9                                                                r  host_rdata_o[29] (OUT)
  -------------------------------------------------------------------    -------------------

Slack:                    inf
  Source:                 host_sel_i[2]
                            (input port)
  Destination:            host_rdata_o[17]
                            (output port)
  Path Group:             (none)
  Path Type:              Max at Slow Process Corner
  Data Path Delay:        21.433ns  (logic 3.437ns (16.036%)  route 17.996ns (83.964%))
  Logic Levels:           5  (IBUF=1 LUT4=1 LUT5=1 LUT6=1 OBUF=1)

    Location             Delay type                Incr(ns)  Path(ns)    Netlist Resource(s)
  -------------------------------------------------------------------    -------------------
    G10                                               0.000     0.000 f  host_sel_i[2] (IN)
                         net (fo=0)                   0.000     0.000    host_sel_i[2]
    G10                  IBUF (Prop_ibuf_I_O)         0.826     0.826 f  host_sel_i_IBUF[2]_inst/O
                         net (fo=138, routed)         9.713    10.540    u_ifm_bank/u_ping_bram/host_sel_i_IBUF[2]
    SLICE_X44Y25         LUT5 (Prop_lut5_I0_O)        0.053    10.593 r  u_ifm_bank/u_ping_bram/host_rdata_o_OBUF[31]_inst_i_5/O
                         net (fo=1, routed)           1.875    12.468    u_ofm_bank/u_pong_bram/host_rdata_o_OBUF[31]_inst_i_1
    SLICE_X20Y53         LUT4 (Prop_lut4_I2_O)        0.053    12.521 r  u_ofm_bank/u_pong_bram/host_rdata_o_OBUF[31]_inst_i_3/O
                         net (fo=25, routed)          1.340    13.861    u_bias_scale_bank/u_bias_bram/host_rdata_o[7]
    SLICE_X4Y53          LUT6 (Prop_lut6_I5_O)        0.053    13.914 r  u_bias_scale_bank/u_bias_bram/host_rdata_o_OBUF[17]_inst_i_1/O
                         net (fo=1, routed)           5.067    18.981    host_rdata_o_OBUF[17]
    F12                  OBUF (Prop_obuf_I_O)         2.452    21.433 r  host_rdata_o_OBUF[17]_inst/O
                         net (fo=0)                   0.000    21.433    host_rdata_o[17]
    F12                                                               r  host_rdata_o[17] (OUT)
  -------------------------------------------------------------------    -------------------

Slack:                    inf
  Source:                 host_sel_i[2]
                            (input port)
  Destination:            host_rdata_o[25]
                            (output port)
  Path Group:             (none)
  Path Type:              Max at Slow Process Corner
  Data Path Delay:        21.392ns  (logic 3.473ns (16.235%)  route 17.919ns (83.765%))
  Logic Levels:           5  (IBUF=1 LUT4=1 LUT5=1 LUT6=1 OBUF=1)

    Location             Delay type                Incr(ns)  Path(ns)    Netlist Resource(s)
  -------------------------------------------------------------------    -------------------
    G10                                               0.000     0.000 f  host_sel_i[2] (IN)
                         net (fo=0)                   0.000     0.000    host_sel_i[2]
    G10                  IBUF (Prop_ibuf_I_O)         0.826     0.826 f  host_sel_i_IBUF[2]_inst/O
                         net (fo=138, routed)         9.713    10.540    u_ifm_bank/u_ping_bram/host_sel_i_IBUF[2]
    SLICE_X44Y25         LUT5 (Prop_lut5_I0_O)        0.053    10.593 r  u_ifm_bank/u_ping_bram/host_rdata_o_OBUF[31]_inst_i_5/O
                         net (fo=1, routed)           1.875    12.468    u_ofm_bank/u_pong_bram/host_rdata_o_OBUF[31]_inst_i_1
    SLICE_X20Y53         LUT4 (Prop_lut4_I2_O)        0.053    12.521 r  u_ofm_bank/u_pong_bram/host_rdata_o_OBUF[31]_inst_i_3/O
                         net (fo=25, routed)          0.794    13.315    u_bias_scale_bank/u_bias_bram/host_rdata_o[7]
    SLICE_X16Y52         LUT6 (Prop_lut6_I5_O)        0.053    13.368 r  u_bias_scale_bank/u_bias_bram/host_rdata_o_OBUF[25]_inst_i_1/O
                         net (fo=1, routed)           5.537    18.904    host_rdata_o_OBUF[25]
    D10                  OBUF (Prop_obuf_I_O)         2.488    21.392 r  host_rdata_o_OBUF[25]_inst/O
                         net (fo=0)                   0.000    21.392    host_rdata_o[25]
    D10                                                               r  host_rdata_o[25] (OUT)
  -------------------------------------------------------------------    -------------------

Slack:                    inf
  Source:                 host_sel_i[2]
                            (input port)
  Destination:            host_rdata_o[23]
                            (output port)
  Path Group:             (none)
  Path Type:              Max at Slow Process Corner
  Data Path Delay:        21.061ns  (logic 3.471ns (16.479%)  route 17.590ns (83.521%))
  Logic Levels:           5  (IBUF=1 LUT4=1 LUT5=1 LUT6=1 OBUF=1)

    Location             Delay type                Incr(ns)  Path(ns)    Netlist Resource(s)
  -------------------------------------------------------------------    -------------------
    G10                                               0.000     0.000 f  host_sel_i[2] (IN)
                         net (fo=0)                   0.000     0.000    host_sel_i[2]
    G10                  IBUF (Prop_ibuf_I_O)         0.826     0.826 f  host_sel_i_IBUF[2]_inst/O
                         net (fo=138, routed)         9.713    10.540    u_ifm_bank/u_ping_bram/host_sel_i_IBUF[2]
    SLICE_X44Y25         LUT5 (Prop_lut5_I0_O)        0.053    10.593 r  u_ifm_bank/u_ping_bram/host_rdata_o_OBUF[31]_inst_i_5/O
                         net (fo=1, routed)           1.875    12.468    u_ofm_bank/u_pong_bram/host_rdata_o_OBUF[31]_inst_i_1
    SLICE_X20Y53         LUT4 (Prop_lut4_I2_O)        0.053    12.521 r  u_ofm_bank/u_pong_bram/host_rdata_o_OBUF[31]_inst_i_3/O
                         net (fo=25, routed)          0.673    13.194    u_bias_scale_bank/u_bias_bram/host_rdata_o[7]
    SLICE_X14Y52         LUT6 (Prop_lut6_I5_O)        0.053    13.247 r  u_bias_scale_bank/u_bias_bram/host_rdata_o_OBUF[23]_inst_i_1/O
                         net (fo=1, routed)           5.329    18.576    host_rdata_o_OBUF[23]
    C11                  OBUF (Prop_obuf_I_O)         2.486    21.061 r  host_rdata_o_OBUF[23]_inst/O
                         net (fo=0)                   0.000    21.061    host_rdata_o[23]
    C11                                                               r  host_rdata_o[23] (OUT)
  -------------------------------------------------------------------    -------------------

Slack:                    inf
  Source:                 host_sel_i[2]
                            (input port)
  Destination:            host_rdata_o[22]
                            (output port)
  Path Group:             (none)
  Path Type:              Max at Slow Process Corner
  Data Path Delay:        20.976ns  (logic 3.446ns (16.429%)  route 17.530ns (83.571%))
  Logic Levels:           5  (IBUF=1 LUT4=1 LUT5=1 LUT6=1 OBUF=1)

    Location             Delay type                Incr(ns)  Path(ns)    Netlist Resource(s)
  -------------------------------------------------------------------    -------------------
    G10                                               0.000     0.000 f  host_sel_i[2] (IN)
                         net (fo=0)                   0.000     0.000    host_sel_i[2]
    G10                  IBUF (Prop_ibuf_I_O)         0.826     0.826 f  host_sel_i_IBUF[2]_inst/O
                         net (fo=138, routed)         9.713    10.540    u_ifm_bank/u_ping_bram/host_sel_i_IBUF[2]
    SLICE_X44Y25         LUT5 (Prop_lut5_I0_O)        0.053    10.593 r  u_ifm_bank/u_ping_bram/host_rdata_o_OBUF[31]_inst_i_5/O
                         net (fo=1, routed)           1.875    12.468    u_ofm_bank/u_pong_bram/host_rdata_o_OBUF[31]_inst_i_1
    SLICE_X20Y53         LUT4 (Prop_lut4_I2_O)        0.053    12.521 r  u_ofm_bank/u_pong_bram/host_rdata_o_OBUF[31]_inst_i_3/O
                         net (fo=25, routed)          0.645    13.166    u_bias_scale_bank/u_bias_bram/host_rdata_o[7]
    SLICE_X14Y52         LUT6 (Prop_lut6_I5_O)        0.053    13.219 r  u_bias_scale_bank/u_bias_bram/host_rdata_o_OBUF[22]_inst_i_1/O
                         net (fo=1, routed)           5.296    18.515    host_rdata_o_OBUF[22]
    E11                  OBUF (Prop_obuf_I_O)         2.461    20.976 r  host_rdata_o_OBUF[22]_inst/O
                         net (fo=0)                   0.000    20.976    host_rdata_o[22]
    E11                                                               r  host_rdata_o[22] (OUT)
  -------------------------------------------------------------------    -------------------

Slack:                    inf
  Source:                 host_sel_i[2]
                            (input port)
  Destination:            host_rdata_o[21]
                            (output port)
  Path Group:             (none)
  Path Type:              Max at Slow Process Corner
  Data Path Delay:        20.946ns  (logic 3.449ns (16.465%)  route 17.497ns (83.535%))
  Logic Levels:           5  (IBUF=1 LUT4=1 LUT5=1 LUT6=1 OBUF=1)

    Location             Delay type                Incr(ns)  Path(ns)    Netlist Resource(s)
  -------------------------------------------------------------------    -------------------
    G10                                               0.000     0.000 f  host_sel_i[2] (IN)
                         net (fo=0)                   0.000     0.000    host_sel_i[2]
    G10                  IBUF (Prop_ibuf_I_O)         0.826     0.826 f  host_sel_i_IBUF[2]_inst/O
                         net (fo=138, routed)         9.713    10.540    u_ifm_bank/u_ping_bram/host_sel_i_IBUF[2]
    SLICE_X44Y25         LUT5 (Prop_lut5_I0_O)        0.053    10.593 r  u_ifm_bank/u_ping_bram/host_rdata_o_OBUF[31]_inst_i_5/O
                         net (fo=1, routed)           1.875    12.468    u_ofm_bank/u_pong_bram/host_rdata_o_OBUF[31]_inst_i_1
    SLICE_X20Y53         LUT4 (Prop_lut4_I2_O)        0.053    12.521 r  u_ofm_bank/u_pong_bram/host_rdata_o_OBUF[31]_inst_i_3/O
                         net (fo=25, routed)          0.924    13.445    u_bias_scale_bank/u_bias_bram/host_rdata_o[7]
    SLICE_X12Y54         LUT6 (Prop_lut6_I5_O)        0.053    13.498 r  u_bias_scale_bank/u_bias_bram/host_rdata_o_OBUF[21]_inst_i_1/O
                         net (fo=1, routed)           4.984    18.482    host_rdata_o_OBUF[21]
    D11                  OBUF (Prop_obuf_I_O)         2.463    20.946 r  host_rdata_o_OBUF[21]_inst/O
                         net (fo=0)                   0.000    20.946    host_rdata_o[21]
    D11                                                               r  host_rdata_o[21] (OUT)
  -------------------------------------------------------------------    -------------------

Slack:                    inf
  Source:                 host_sel_i[2]
                            (input port)
  Destination:            host_rdata_o[28]
                            (output port)
  Path Group:             (none)
  Path Type:              Max at Slow Process Corner
  Data Path Delay:        20.912ns  (logic 3.459ns (16.540%)  route 17.454ns (83.460%))
  Logic Levels:           5  (IBUF=1 LUT4=1 LUT5=1 LUT6=1 OBUF=1)

    Location             Delay type                Incr(ns)  Path(ns)    Netlist Resource(s)
  -------------------------------------------------------------------    -------------------
    G10                                               0.000     0.000 f  host_sel_i[2] (IN)
                         net (fo=0)                   0.000     0.000    host_sel_i[2]
    G10                  IBUF (Prop_ibuf_I_O)         0.826     0.826 f  host_sel_i_IBUF[2]_inst/O
                         net (fo=138, routed)         9.713    10.540    u_ifm_bank/u_ping_bram/host_sel_i_IBUF[2]
    SLICE_X44Y25         LUT5 (Prop_lut5_I0_O)        0.053    10.593 r  u_ifm_bank/u_ping_bram/host_rdata_o_OBUF[31]_inst_i_5/O
                         net (fo=1, routed)           1.875    12.468    u_ofm_bank/u_pong_bram/host_rdata_o_OBUF[31]_inst_i_1
    SLICE_X20Y53         LUT4 (Prop_lut4_I2_O)        0.053    12.521 r  u_ofm_bank/u_pong_bram/host_rdata_o_OBUF[31]_inst_i_3/O
                         net (fo=25, routed)          1.023    13.544    u_bias_scale_bank/u_bias_bram/host_rdata_o[7]
    SLICE_X12Y67         LUT6 (Prop_lut6_I5_O)        0.053    13.597 r  u_bias_scale_bank/u_bias_bram/host_rdata_o_OBUF[28]_inst_i_1/O
                         net (fo=1, routed)           4.842    18.439    host_rdata_o_OBUF[28]
    G11                  OBUF (Prop_obuf_I_O)         2.474    20.912 r  host_rdata_o_OBUF[28]_inst/O
                         net (fo=0)                   0.000    20.912    host_rdata_o[28]
    G11                                                               r  host_rdata_o[28] (OUT)
  -------------------------------------------------------------------    -------------------

Slack:                    inf
  Source:                 host_sel_i[2]
                            (input port)
  Destination:            host_rdata_o[9]
                            (output port)
  Path Group:             (none)
  Path Type:              Max at Slow Process Corner
  Data Path Delay:        20.446ns  (logic 3.468ns (16.963%)  route 16.977ns (83.037%))
  Logic Levels:           5  (IBUF=1 LUT4=1 LUT5=1 LUT6=1 OBUF=1)

    Location             Delay type                Incr(ns)  Path(ns)    Netlist Resource(s)
  -------------------------------------------------------------------    -------------------
    G10                                               0.000     0.000 f  host_sel_i[2] (IN)
                         net (fo=0)                   0.000     0.000    host_sel_i[2]
    G10                  IBUF (Prop_ibuf_I_O)         0.826     0.826 f  host_sel_i_IBUF[2]_inst/O
                         net (fo=138, routed)         9.713    10.540    u_ifm_bank/u_ping_bram/host_sel_i_IBUF[2]
    SLICE_X44Y25         LUT5 (Prop_lut5_I0_O)        0.053    10.593 r  u_ifm_bank/u_ping_bram/host_rdata_o_OBUF[31]_inst_i_5/O
                         net (fo=1, routed)           1.875    12.468    u_ofm_bank/u_pong_bram/host_rdata_o_OBUF[31]_inst_i_1
    SLICE_X20Y53         LUT4 (Prop_lut4_I2_O)        0.053    12.521 r  u_ofm_bank/u_pong_bram/host_rdata_o_OBUF[31]_inst_i_3/O
                         net (fo=25, routed)          1.317    13.838    u_bias_scale_bank/u_bias_bram/host_rdata_o[7]
    SLICE_X4Y53          LUT6 (Prop_lut6_I5_O)        0.053    13.891 r  u_bias_scale_bank/u_bias_bram/host_rdata_o_OBUF[9]_inst_i_1/O
                         net (fo=1, routed)           4.072    17.963    host_rdata_o_OBUF[9]
    B11                  OBUF (Prop_obuf_I_O)         2.483    20.446 r  host_rdata_o_OBUF[9]_inst/O
                         net (fo=0)                   0.000    20.446    host_rdata_o[9]
    B11                                                               r  host_rdata_o[9] (OUT)
  -------------------------------------------------------------------    -------------------





Min Delay Paths
--------------------------------------------------------------------------------------
Slack:                    inf
  Source:                 host_sel_i[0]
                            (input port)
  Destination:            host_rdata_o[12]
                            (output port)
  Path Group:             (none)
  Path Type:              Min at Fast Process Corner
  Data Path Delay:        4.609ns  (logic 1.409ns (30.565%)  route 3.200ns (69.435%))
  Logic Levels:           3  (IBUF=1 LUT6=1 OBUF=1)

    Location             Delay type                Incr(ns)  Path(ns)    Netlist Resource(s)
  -------------------------------------------------------------------    -------------------
    J13                                               0.000     0.000 r  host_sel_i[0] (IN)
                         net (fo=0)                   0.000     0.000    host_sel_i[0]
    J13                  IBUF (Prop_ibuf_I_O)         0.071     0.071 r  host_sel_i_IBUF[0]_inst/O
                         net (fo=123, routed)         2.172     2.244    u_bias_scale_bank/u_bias_bram/host_sel_i_IBUF[0]
    SLICE_X6Y58          LUT6 (Prop_lut6_I3_O)        0.028     2.272 r  u_bias_scale_bank/u_bias_bram/host_rdata_o_OBUF[12]_inst_i_1/O
                         net (fo=1, routed)           1.028     3.299    host_rdata_o_OBUF[12]
    C14                  OBUF (Prop_obuf_I_O)         1.309     4.609 r  host_rdata_o_OBUF[12]_inst/O
                         net (fo=0)                   0.000     4.609    host_rdata_o[12]
    C14                                                               r  host_rdata_o[12] (OUT)
  -------------------------------------------------------------------    -------------------

Slack:                    inf
  Source:                 host_sel_i[0]
                            (input port)
  Destination:            host_rdata_o[14]
                            (output port)
  Path Group:             (none)
  Path Type:              Min at Fast Process Corner
  Data Path Delay:        4.656ns  (logic 1.381ns (29.661%)  route 3.275ns (70.339%))
  Logic Levels:           3  (IBUF=1 LUT6=1 OBUF=1)

    Location             Delay type                Incr(ns)  Path(ns)    Netlist Resource(s)
  -------------------------------------------------------------------    -------------------
    J13                                               0.000     0.000 r  host_sel_i[0] (IN)
                         net (fo=0)                   0.000     0.000    host_sel_i[0]
    J13                  IBUF (Prop_ibuf_I_O)         0.071     0.071 r  host_sel_i_IBUF[0]_inst/O
                         net (fo=123, routed)         2.200     2.271    u_bias_scale_bank/u_bias_bram/host_sel_i_IBUF[0]
    SLICE_X4Y57          LUT6 (Prop_lut6_I3_O)        0.028     2.299 r  u_bias_scale_bank/u_bias_bram/host_rdata_o_OBUF[14]_inst_i_1/O
                         net (fo=1, routed)           1.075     3.374    host_rdata_o_OBUF[14]
    E13                  OBUF (Prop_obuf_I_O)         1.282     4.656 r  host_rdata_o_OBUF[14]_inst/O
                         net (fo=0)                   0.000     4.656    host_rdata_o[14]
    E13                                                               r  host_rdata_o[14] (OUT)
  -------------------------------------------------------------------    -------------------

Slack:                    inf
  Source:                 host_sel_i[0]
                            (input port)
  Destination:            host_rdata_o[27]
                            (output port)
  Path Group:             (none)
  Path Type:              Min at Fast Process Corner
  Data Path Delay:        4.796ns  (logic 1.405ns (29.290%)  route 3.391ns (70.710%))
  Logic Levels:           3  (IBUF=1 LUT6=1 OBUF=1)

    Location             Delay type                Incr(ns)  Path(ns)    Netlist Resource(s)
  -------------------------------------------------------------------    -------------------
    J13                                               0.000     0.000 r  host_sel_i[0] (IN)
                         net (fo=0)                   0.000     0.000    host_sel_i[0]
    J13                  IBUF (Prop_ibuf_I_O)         0.071     0.071 r  host_sel_i_IBUF[0]_inst/O
                         net (fo=123, routed)         2.128     2.200    u_bias_scale_bank/u_bias_bram/host_sel_i_IBUF[0]
    SLICE_X12Y67         LUT6 (Prop_lut6_I3_O)        0.028     2.228 r  u_bias_scale_bank/u_bias_bram/host_rdata_o_OBUF[27]_inst_i_1/O
                         net (fo=1, routed)           1.263     3.491    host_rdata_o_OBUF[27]
    F10                  OBUF (Prop_obuf_I_O)         1.305     4.796 r  host_rdata_o_OBUF[27]_inst/O
                         net (fo=0)                   0.000     4.796    host_rdata_o[27]
    F10                                                               r  host_rdata_o[27] (OUT)
  -------------------------------------------------------------------    -------------------

Slack:                    inf
  Source:                 host_sel_i[0]
                            (input port)
  Destination:            host_rdata_o[10]
                            (output port)
  Path Group:             (none)
  Path Type:              Min at Fast Process Corner
  Data Path Delay:        4.882ns  (logic 1.408ns (28.850%)  route 3.474ns (71.150%))
  Logic Levels:           3  (IBUF=1 LUT6=1 OBUF=1)

    Location             Delay type                Incr(ns)  Path(ns)    Netlist Resource(s)
  -------------------------------------------------------------------    -------------------
    J13                                               0.000     0.000 r  host_sel_i[0] (IN)
                         net (fo=0)                   0.000     0.000    host_sel_i[0]
    J13                  IBUF (Prop_ibuf_I_O)         0.071     0.071 r  host_sel_i_IBUF[0]_inst/O
                         net (fo=123, routed)         2.387     2.458    u_bias_scale_bank/u_bias_bram/host_sel_i_IBUF[0]
    SLICE_X2Y55          LUT6 (Prop_lut6_I3_O)        0.028     2.486 r  u_bias_scale_bank/u_bias_bram/host_rdata_o_OBUF[10]_inst_i_1/O
                         net (fo=1, routed)           1.087     3.573    host_rdata_o_OBUF[10]
    B12                  OBUF (Prop_obuf_I_O)         1.309     4.882 r  host_rdata_o_OBUF[10]_inst/O
                         net (fo=0)                   0.000     4.882    host_rdata_o[10]
    B12                                                               r  host_rdata_o[10] (OUT)
  -------------------------------------------------------------------    -------------------

Slack:                    inf
  Source:                 host_sel_i[0]
                            (input port)
  Destination:            host_rdata_o[15]
                            (output port)
  Path Group:             (none)
  Path Type:              Min at Fast Process Corner
  Data Path Delay:        4.897ns  (logic 1.402ns (28.627%)  route 3.495ns (71.373%))
  Logic Levels:           3  (IBUF=1 LUT6=1 OBUF=1)

    Location             Delay type                Incr(ns)  Path(ns)    Netlist Resource(s)
  -------------------------------------------------------------------    -------------------
    J13                                               0.000     0.000 r  host_sel_i[0] (IN)
                         net (fo=0)                   0.000     0.000    host_sel_i[0]
    J13                  IBUF (Prop_ibuf_I_O)         0.071     0.071 r  host_sel_i_IBUF[0]_inst/O
                         net (fo=123, routed)         2.345     2.416    u_bias_scale_bank/u_bias_bram/host_sel_i_IBUF[0]
    SLICE_X4Y53          LUT6 (Prop_lut6_I3_O)        0.028     2.444 r  u_bias_scale_bank/u_bias_bram/host_rdata_o_OBUF[15]_inst_i_1/O
                         net (fo=1, routed)           1.150     3.595    host_rdata_o_OBUF[15]
    D13                  OBUF (Prop_obuf_I_O)         1.302     4.897 r  host_rdata_o_OBUF[15]_inst/O
                         net (fo=0)                   0.000     4.897    host_rdata_o[15]
    D13                                                               r  host_rdata_o[15] (OUT)
  -------------------------------------------------------------------    -------------------

Slack:                    inf
  Source:                 host_sel_i[0]
                            (input port)
  Destination:            host_rdata_o[31]
                            (output port)
  Path Group:             (none)
  Path Type:              Min at Fast Process Corner
  Data Path Delay:        4.927ns  (logic 1.431ns (29.053%)  route 3.495ns (70.947%))
  Logic Levels:           3  (IBUF=1 LUT6=1 OBUF=1)

    Location             Delay type                Incr(ns)  Path(ns)    Netlist Resource(s)
  -------------------------------------------------------------------    -------------------
    J13                                               0.000     0.000 r  host_sel_i[0] (IN)
                         net (fo=0)                   0.000     0.000    host_sel_i[0]
    J13                  IBUF (Prop_ibuf_I_O)         0.071     0.071 r  host_sel_i_IBUF[0]_inst/O
                         net (fo=123, routed)         2.158     2.230    u_bias_scale_bank/u_bias_bram/host_sel_i_IBUF[0]
    SLICE_X14Y66         LUT6 (Prop_lut6_I3_O)        0.028     2.258 r  u_bias_scale_bank/u_bias_bram/host_rdata_o_OBUF[31]_inst_i_1/O
                         net (fo=1, routed)           1.337     3.595    host_rdata_o_OBUF[31]
    A8                   OBUF (Prop_obuf_I_O)         1.332     4.927 r  host_rdata_o_OBUF[31]_inst/O
                         net (fo=0)                   0.000     4.927    host_rdata_o[31]
    A8                                                                r  host_rdata_o[31] (OUT)
  -------------------------------------------------------------------    -------------------

Slack:                    inf
  Source:                 host_sel_i[0]
                            (input port)
  Destination:            host_rdata_o[30]
                            (output port)
  Path Group:             (none)
  Path Type:              Min at Fast Process Corner
  Data Path Delay:        4.937ns  (logic 1.425ns (28.865%)  route 3.512ns (71.135%))
  Logic Levels:           3  (IBUF=1 LUT6=1 OBUF=1)

    Location             Delay type                Incr(ns)  Path(ns)    Netlist Resource(s)
  -------------------------------------------------------------------    -------------------
    J13                                               0.000     0.000 r  host_sel_i[0] (IN)
                         net (fo=0)                   0.000     0.000    host_sel_i[0]
    J13                  IBUF (Prop_ibuf_I_O)         0.071     0.071 r  host_sel_i_IBUF[0]_inst/O
                         net (fo=123, routed)         2.172     2.244    u_bias_scale_bank/u_bias_bram/host_sel_i_IBUF[0]
    SLICE_X18Y67         LUT6 (Prop_lut6_I3_O)        0.028     2.272 r  u_bias_scale_bank/u_bias_bram/host_rdata_o_OBUF[30]_inst_i_1/O
                         net (fo=1, routed)           1.340     3.612    host_rdata_o_OBUF[30]
    C9                   OBUF (Prop_obuf_I_O)         1.326     4.937 r  host_rdata_o_OBUF[30]_inst/O
                         net (fo=0)                   0.000     4.937    host_rdata_o[30]
    C9                                                                r  host_rdata_o[30] (OUT)
  -------------------------------------------------------------------    -------------------

Slack:                    inf
  Source:                 host_sel_i[0]
                            (input port)
  Destination:            host_rdata_o[11]
                            (output port)
  Path Group:             (none)
  Path Type:              Min at Fast Process Corner
  Data Path Delay:        4.942ns  (logic 1.411ns (28.548%)  route 3.531ns (71.452%))
  Logic Levels:           3  (IBUF=1 LUT6=1 OBUF=1)

    Location             Delay type                Incr(ns)  Path(ns)    Netlist Resource(s)
  -------------------------------------------------------------------    -------------------
    J13                                               0.000     0.000 r  host_sel_i[0] (IN)
                         net (fo=0)                   0.000     0.000    host_sel_i[0]
    J13                  IBUF (Prop_ibuf_I_O)         0.071     0.071 r  host_sel_i_IBUF[0]_inst/O
                         net (fo=123, routed)         2.404     2.475    u_bias_scale_bank/u_bias_bram/host_sel_i_IBUF[0]
    SLICE_X2Y52          LUT6 (Prop_lut6_I3_O)        0.028     2.503 r  u_bias_scale_bank/u_bias_bram/host_rdata_o_OBUF[11]_inst_i_1/O
                         net (fo=1, routed)           1.127     3.630    host_rdata_o_OBUF[11]
    C13                  OBUF (Prop_obuf_I_O)         1.311     4.942 r  host_rdata_o_OBUF[11]_inst/O
                         net (fo=0)                   0.000     4.942    host_rdata_o[11]
    C13                                                               r  host_rdata_o[11] (OUT)
  -------------------------------------------------------------------    -------------------

Slack:                    inf
  Source:                 host_sel_i[0]
                            (input port)
  Destination:            host_rdata_o[7]
                            (output port)
  Path Group:             (none)
  Path Type:              Min at Fast Process Corner
  Data Path Delay:        4.952ns  (logic 1.421ns (28.692%)  route 3.531ns (71.308%))
  Logic Levels:           3  (IBUF=1 LUT6=1 OBUF=1)

    Location             Delay type                Incr(ns)  Path(ns)    Netlist Resource(s)
  -------------------------------------------------------------------    -------------------
    J13                                               0.000     0.000 r  host_sel_i[0] (IN)
                         net (fo=0)                   0.000     0.000    host_sel_i[0]
    J13                  IBUF (Prop_ibuf_I_O)         0.071     0.071 r  host_sel_i_IBUF[0]_inst/O
                         net (fo=123, routed)         2.459     2.531    u_bias_scale_bank/u_bias_bram/host_sel_i_IBUF[0]
    SLICE_X4Y51          LUT6 (Prop_lut6_I3_O)        0.028     2.559 r  u_bias_scale_bank/u_bias_bram/host_rdata_o_OBUF[7]_inst_i_1/O
                         net (fo=1, routed)           1.072     3.630    host_rdata_o_OBUF[7]
    A14                  OBUF (Prop_obuf_I_O)         1.321     4.952 r  host_rdata_o_OBUF[7]_inst/O
                         net (fo=0)                   0.000     4.952    host_rdata_o[7]
    A14                                                               r  host_rdata_o[7] (OUT)
  -------------------------------------------------------------------    -------------------

Slack:                    inf
  Source:                 host_sel_i[0]
                            (input port)
  Destination:            host_rdata_o[8]
                            (output port)
  Path Group:             (none)
  Path Type:              Min at Fast Process Corner
  Data Path Delay:        5.211ns  (logic 1.417ns (27.201%)  route 3.793ns (72.799%))
  Logic Levels:           3  (IBUF=1 LUT6=1 OBUF=1)

    Location             Delay type                Incr(ns)  Path(ns)    Netlist Resource(s)
  -------------------------------------------------------------------    -------------------
    J13                                               0.000     0.000 r  host_sel_i[0] (IN)
                         net (fo=0)                   0.000     0.000    host_sel_i[0]
    J13                  IBUF (Prop_ibuf_I_O)         0.071     0.071 r  host_sel_i_IBUF[0]_inst/O
                         net (fo=123, routed)         2.470     2.541    u_bias_scale_bank/u_bias_bram/host_sel_i_IBUF[0]
    SLICE_X2Y52          LUT6 (Prop_lut6_I3_O)        0.028     2.569 r  u_bias_scale_bank/u_bias_bram/host_rdata_o_OBUF[8]_inst_i_1/O
                         net (fo=1, routed)           1.324     3.893    host_rdata_o_OBUF[8]
    B14                  OBUF (Prop_obuf_I_O)         1.318     5.211 r  host_rdata_o_OBUF[8]_inst/O
                         net (fo=0)                   0.000     5.211    host_rdata_o[8]
    B14                                                               r  host_rdata_o[8] (OUT)
  -------------------------------------------------------------------    -------------------





--------------------------------------------------------------------------------------
Path Group:  (none)
From Clock:  clk
  To Clock:  

Max Delay            39 Endpoints
Min Delay            39 Endpoints
--------------------------------------------------------------------------------------


Max Delay Paths
--------------------------------------------------------------------------------------
Slack:                    inf
  Source:                 u_weight_bank/u_weight_bram/mem_reg_0_7/CLKARDCLK
                            (rising edge-triggered cell RAMB36E1 clocked by clk  {rise@0.000ns fall@10.000ns period=20.000ns})
  Destination:            host_rdata_o[24]
                            (output port)
  Path Group:             (none)
  Path Type:              Max at Slow Process Corner
  Data Path Delay:        15.177ns  (logic 5.437ns (35.825%)  route 9.740ns (64.175%))
  Logic Levels:           5  (LUT4=1 LUT6=2 OBUF=1 RAMB36E1=1)
  Clock Uncertainty:      0.025ns  ((TSJ^2 + TIJ^2)^1/2 + DJ) / 2 + PE
    Total System Jitter     (TSJ):    0.050ns
    Total Input Jitter      (TIJ):    0.000ns
    Discrete Jitter          (DJ):    0.000ns
    Phase Error              (PE):    0.000ns

    Location             Delay type                Incr(ns)  Path(ns)    Netlist Resource(s)
  -------------------------------------------------------------------    -------------------
                         (clock clk rise edge)        0.000     0.000 r  
    AA9                                               0.000     0.000 r  clk (IN)
                         net (fo=0)                   0.000     0.000    clk
    AA9                  IBUF (Prop_ibuf_I_O)         0.674     0.674 r  clk_IBUF_inst/O
                         net (fo=1, routed)           2.122     2.796    clk_IBUF
    BUFGCTRL_X0Y0        BUFG (Prop_bufg_I_O)         0.120     2.916 r  clk_IBUF_BUFG_inst/O
                         net (fo=463, routed)         1.417     4.332    u_weight_bank/u_weight_bram/clk_IBUF_BUFG
    RAMB36_X0Y25         RAMB36E1                                     r  u_weight_bank/u_weight_bram/mem_reg_0_7/CLKARDCLK
  -------------------------------------------------------------------    -------------------
    RAMB36_X0Y25         RAMB36E1 (Prop_ramb36e1_CLKARDCLK_CASCADEOUTA)
                                                      2.435     6.767 r  u_weight_bank/u_weight_bram/mem_reg_0_7/CASCADEOUTA
                         net (fo=1, routed)           0.065     6.832    u_weight_bank/u_weight_bram/mem_reg_0_7_n_0
    RAMB36_X0Y26         RAMB36E1 (Prop_ramb36e1_CASCADEINA_DOADO[0])
                                                      0.361     7.193 r  u_weight_bank/u_weight_bram/mem_reg_1_7/DOADO[0]
                         net (fo=1, routed)           1.633     8.826    u_ofm_bank/u_pong_bram/host_rdata_o_OBUF[31]_inst_i_3_0[0]
    SLICE_X20Y100        LUT6 (Prop_lut6_I0_O)        0.053     8.879 r  u_ofm_bank/u_pong_bram/host_rdata_o_OBUF[31]_inst_i_4/O
                         net (fo=1, routed)           1.576    10.455    u_ofm_bank/u_pong_bram/host_rdata_o_OBUF[31]_inst_i_4_n_0
    SLICE_X20Y53         LUT4 (Prop_lut4_I0_O)        0.053    10.508 r  u_ofm_bank/u_pong_bram/host_rdata_o_OBUF[31]_inst_i_3/O
                         net (fo=25, routed)          1.069    11.577    u_bias_scale_bank/u_bias_bram/host_rdata_o[7]
    SLICE_X12Y54         LUT6 (Prop_lut6_I5_O)        0.053    11.630 r  u_bias_scale_bank/u_bias_bram/host_rdata_o_OBUF[24]_inst_i_1/O
                         net (fo=1, routed)           5.397    17.027    host_rdata_o_OBUF[24]
    C12                  OBUF (Prop_obuf_I_O)         2.482    19.509 r  host_rdata_o_OBUF[24]_inst/O
                         net (fo=0)                   0.000    19.509    host_rdata_o[24]
    C12                                                               r  host_rdata_o[24] (OUT)
  -------------------------------------------------------------------    -------------------

Slack:                    inf
  Source:                 u_weight_bank/u_weight_bram/mem_reg_0_7/CLKARDCLK
                            (rising edge-triggered cell RAMB36E1 clocked by clk  {rise@0.000ns fall@10.000ns period=20.000ns})
  Destination:            host_rdata_o[16]
                            (output port)
  Path Group:             (none)
  Path Type:              Max at Slow Process Corner
  Data Path Delay:        15.176ns  (logic 5.426ns (35.754%)  route 9.750ns (64.246%))
  Logic Levels:           5  (LUT4=1 LUT6=2 OBUF=1 RAMB36E1=1)
  Clock Uncertainty:      0.025ns  ((TSJ^2 + TIJ^2)^1/2 + DJ) / 2 + PE
    Total System Jitter     (TSJ):    0.050ns
    Total Input Jitter      (TIJ):    0.000ns
    Discrete Jitter          (DJ):    0.000ns
    Phase Error              (PE):    0.000ns

    Location             Delay type                Incr(ns)  Path(ns)    Netlist Resource(s)
  -------------------------------------------------------------------    -------------------
                         (clock clk rise edge)        0.000     0.000 r  
    AA9                                               0.000     0.000 r  clk (IN)
                         net (fo=0)                   0.000     0.000    clk
    AA9                  IBUF (Prop_ibuf_I_O)         0.674     0.674 r  clk_IBUF_inst/O
                         net (fo=1, routed)           2.122     2.796    clk_IBUF
    BUFGCTRL_X0Y0        BUFG (Prop_bufg_I_O)         0.120     2.916 r  clk_IBUF_BUFG_inst/O
                         net (fo=463, routed)         1.417     4.332    u_weight_bank/u_weight_bram/clk_IBUF_BUFG
    RAMB36_X0Y25         RAMB36E1                                     r  u_weight_bank/u_weight_bram/mem_reg_0_7/CLKARDCLK
  -------------------------------------------------------------------    -------------------
    RAMB36_X0Y25         RAMB36E1 (Prop_ramb36e1_CLKARDCLK_CASCADEOUTA)
                                                      2.435     6.767 r  u_weight_bank/u_weight_bram/mem_reg_0_7/CASCADEOUTA
                         net (fo=1, routed)           0.065     6.832    u_weight_bank/u_weight_bram/mem_reg_0_7_n_0
    RAMB36_X0Y26         RAMB36E1 (Prop_ramb36e1_CASCADEINA_DOADO[0])
                                                      0.361     7.193 r  u_weight_bank/u_weight_bram/mem_reg_1_7/DOADO[0]
                         net (fo=1, routed)           1.633     8.826    u_ofm_bank/u_pong_bram/host_rdata_o_OBUF[31]_inst_i_3_0[0]
    SLICE_X20Y100        LUT6 (Prop_lut6_I0_O)        0.053     8.879 r  u_ofm_bank/u_pong_bram/host_rdata_o_OBUF[31]_inst_i_4/O
                         net (fo=1, routed)           1.576    10.455    u_ofm_bank/u_pong_bram/host_rdata_o_OBUF[31]_inst_i_4_n_0
    SLICE_X20Y53         LUT4 (Prop_lut4_I0_O)        0.053    10.508 r  u_ofm_bank/u_pong_bram/host_rdata_o_OBUF[31]_inst_i_3/O
                         net (fo=25, routed)          1.594    12.103    u_bias_scale_bank/u_bias_bram/host_rdata_o[7]
    SLICE_X4Y53          LUT6 (Prop_lut6_I5_O)        0.053    12.156 r  u_bias_scale_bank/u_bias_bram/host_rdata_o_OBUF[16]_inst_i_1/O
                         net (fo=1, routed)           4.882    17.037    host_rdata_o_OBUF[16]
    D14                  OBUF (Prop_obuf_I_O)         2.471    19.508 r  host_rdata_o_OBUF[16]_inst/O
                         net (fo=0)                   0.000    19.508    host_rdata_o[16]
    D14                                                               r  host_rdata_o[16] (OUT)
  -------------------------------------------------------------------    -------------------

Slack:                    inf
  Source:                 u_weight_bank/u_weight_bram/mem_reg_0_7/CLKARDCLK
                            (rising edge-triggered cell RAMB36E1 clocked by clk  {rise@0.000ns fall@10.000ns period=20.000ns})
  Destination:            host_rdata_o[29]
                            (output port)
  Path Group:             (none)
  Path Type:              Max at Slow Process Corner
  Data Path Delay:        15.104ns  (logic 5.459ns (36.144%)  route 9.645ns (63.856%))
  Logic Levels:           5  (LUT4=1 LUT6=2 OBUF=1 RAMB36E1=1)
  Clock Uncertainty:      0.025ns  ((TSJ^2 + TIJ^2)^1/2 + DJ) / 2 + PE
    Total System Jitter     (TSJ):    0.050ns
    Total Input Jitter      (TIJ):    0.000ns
    Discrete Jitter          (DJ):    0.000ns
    Phase Error              (PE):    0.000ns

    Location             Delay type                Incr(ns)  Path(ns)    Netlist Resource(s)
  -------------------------------------------------------------------    -------------------
                         (clock clk rise edge)        0.000     0.000 r  
    AA9                                               0.000     0.000 r  clk (IN)
                         net (fo=0)                   0.000     0.000    clk
    AA9                  IBUF (Prop_ibuf_I_O)         0.674     0.674 r  clk_IBUF_inst/O
                         net (fo=1, routed)           2.122     2.796    clk_IBUF
    BUFGCTRL_X0Y0        BUFG (Prop_bufg_I_O)         0.120     2.916 r  clk_IBUF_BUFG_inst/O
                         net (fo=463, routed)         1.417     4.332    u_weight_bank/u_weight_bram/clk_IBUF_BUFG
    RAMB36_X0Y25         RAMB36E1                                     r  u_weight_bank/u_weight_bram/mem_reg_0_7/CLKARDCLK
  -------------------------------------------------------------------    -------------------
    RAMB36_X0Y25         RAMB36E1 (Prop_ramb36e1_CLKARDCLK_CASCADEOUTA)
                                                      2.435     6.767 r  u_weight_bank/u_weight_bram/mem_reg_0_7/CASCADEOUTA
                         net (fo=1, routed)           0.065     6.832    u_weight_bank/u_weight_bram/mem_reg_0_7_n_0
    RAMB36_X0Y26         RAMB36E1 (Prop_ramb36e1_CASCADEINA_DOADO[0])
                                                      0.361     7.193 r  u_weight_bank/u_weight_bram/mem_reg_1_7/DOADO[0]
                         net (fo=1, routed)           1.633     8.826    u_ofm_bank/u_pong_bram/host_rdata_o_OBUF[31]_inst_i_3_0[0]
    SLICE_X20Y100        LUT6 (Prop_lut6_I0_O)        0.053     8.879 r  u_ofm_bank/u_pong_bram/host_rdata_o_OBUF[31]_inst_i_4/O
                         net (fo=1, routed)           1.576    10.455    u_ofm_bank/u_pong_bram/host_rdata_o_OBUF[31]_inst_i_4_n_0
    SLICE_X20Y53         LUT4 (Prop_lut4_I0_O)        0.053    10.508 r  u_ofm_bank/u_pong_bram/host_rdata_o_OBUF[31]_inst_i_3/O
                         net (fo=25, routed)          1.269    11.777    u_bias_scale_bank/u_bias_bram/host_rdata_o[7]
    SLICE_X12Y67         LUT6 (Prop_lut6_I5_O)        0.053    11.830 r  u_bias_scale_bank/u_bias_bram/host_rdata_o_OBUF[29]_inst_i_1/O
                         net (fo=1, routed)           5.102    16.932    host_rdata_o_OBUF[29]
    B9                   OBUF (Prop_obuf_I_O)         2.504    19.436 r  host_rdata_o_OBUF[29]_inst/O
                         net (fo=0)                   0.000    19.436    host_rdata_o[29]
    B9                                                                r  host_rdata_o[29] (OUT)
  -------------------------------------------------------------------    -------------------

Slack:                    inf
  Source:                 u_weight_bank/u_weight_bram/mem_reg_0_7/CLKARDCLK
                            (rising edge-triggered cell RAMB36E1 clocked by clk  {rise@0.000ns fall@10.000ns period=20.000ns})
  Destination:            host_rdata_o[17]
                            (output port)
  Path Group:             (none)
  Path Type:              Max at Slow Process Corner
  Data Path Delay:        15.088ns  (logic 5.407ns (35.835%)  route 9.681ns (64.165%))
  Logic Levels:           5  (LUT4=1 LUT6=2 OBUF=1 RAMB36E1=1)
  Clock Uncertainty:      0.025ns  ((TSJ^2 + TIJ^2)^1/2 + DJ) / 2 + PE
    Total System Jitter     (TSJ):    0.050ns
    Total Input Jitter      (TIJ):    0.000ns
    Discrete Jitter          (DJ):    0.000ns
    Phase Error              (PE):    0.000ns

    Location             Delay type                Incr(ns)  Path(ns)    Netlist Resource(s)
  -------------------------------------------------------------------    -------------------
                         (clock clk rise edge)        0.000     0.000 r  
    AA9                                               0.000     0.000 r  clk (IN)
                         net (fo=0)                   0.000     0.000    clk
    AA9                  IBUF (Prop_ibuf_I_O)         0.674     0.674 r  clk_IBUF_inst/O
                         net (fo=1, routed)           2.122     2.796    clk_IBUF
    BUFGCTRL_X0Y0        BUFG (Prop_bufg_I_O)         0.120     2.916 r  clk_IBUF_BUFG_inst/O
                         net (fo=463, routed)         1.417     4.332    u_weight_bank/u_weight_bram/clk_IBUF_BUFG
    RAMB36_X0Y25         RAMB36E1                                     r  u_weight_bank/u_weight_bram/mem_reg_0_7/CLKARDCLK
  -------------------------------------------------------------------    -------------------
    RAMB36_X0Y25         RAMB36E1 (Prop_ramb36e1_CLKARDCLK_CASCADEOUTA)
                                                      2.435     6.767 r  u_weight_bank/u_weight_bram/mem_reg_0_7/CASCADEOUTA
                         net (fo=1, routed)           0.065     6.832    u_weight_bank/u_weight_bram/mem_reg_0_7_n_0
    RAMB36_X0Y26         RAMB36E1 (Prop_ramb36e1_CASCADEINA_DOADO[0])
                                                      0.361     7.193 r  u_weight_bank/u_weight_bram/mem_reg_1_7/DOADO[0]
                         net (fo=1, routed)           1.633     8.826    u_ofm_bank/u_pong_bram/host_rdata_o_OBUF[31]_inst_i_3_0[0]
    SLICE_X20Y100        LUT6 (Prop_lut6_I0_O)        0.053     8.879 r  u_ofm_bank/u_pong_bram/host_rdata_o_OBUF[31]_inst_i_4/O
                         net (fo=1, routed)           1.576    10.455    u_ofm_bank/u_pong_bram/host_rdata_o_OBUF[31]_inst_i_4_n_0
    SLICE_X20Y53         LUT4 (Prop_lut4_I0_O)        0.053    10.508 r  u_ofm_bank/u_pong_bram/host_rdata_o_OBUF[31]_inst_i_3/O
                         net (fo=25, routed)          1.340    11.849    u_bias_scale_bank/u_bias_bram/host_rdata_o[7]
    SLICE_X4Y53          LUT6 (Prop_lut6_I5_O)        0.053    11.902 r  u_bias_scale_bank/u_bias_bram/host_rdata_o_OBUF[17]_inst_i_1/O
                         net (fo=1, routed)           5.067    16.968    host_rdata_o_OBUF[17]
    F12                  OBUF (Prop_obuf_I_O)         2.452    19.420 r  host_rdata_o_OBUF[17]_inst/O
                         net (fo=0)                   0.000    19.420    host_rdata_o[17]
    F12                                                               r  host_rdata_o[17] (OUT)
  -------------------------------------------------------------------    -------------------

Slack:                    inf
  Source:                 u_weight_bank/u_weight_bram/mem_reg_0_7/CLKARDCLK
                            (rising edge-triggered cell RAMB36E1 clocked by clk  {rise@0.000ns fall@10.000ns period=20.000ns})
  Destination:            host_rdata_o[25]
                            (output port)
  Path Group:             (none)
  Path Type:              Max at Slow Process Corner
  Data Path Delay:        15.047ns  (logic 5.443ns (36.171%)  route 9.605ns (63.829%))
  Logic Levels:           5  (LUT4=1 LUT6=2 OBUF=1 RAMB36E1=1)
  Clock Uncertainty:      0.025ns  ((TSJ^2 + TIJ^2)^1/2 + DJ) / 2 + PE
    Total System Jitter     (TSJ):    0.050ns
    Total Input Jitter      (TIJ):    0.000ns
    Discrete Jitter          (DJ):    0.000ns
    Phase Error              (PE):    0.000ns

    Location             Delay type                Incr(ns)  Path(ns)    Netlist Resource(s)
  -------------------------------------------------------------------    -------------------
                         (clock clk rise edge)        0.000     0.000 r  
    AA9                                               0.000     0.000 r  clk (IN)
                         net (fo=0)                   0.000     0.000    clk
    AA9                  IBUF (Prop_ibuf_I_O)         0.674     0.674 r  clk_IBUF_inst/O
                         net (fo=1, routed)           2.122     2.796    clk_IBUF
    BUFGCTRL_X0Y0        BUFG (Prop_bufg_I_O)         0.120     2.916 r  clk_IBUF_BUFG_inst/O
                         net (fo=463, routed)         1.417     4.332    u_weight_bank/u_weight_bram/clk_IBUF_BUFG
    RAMB36_X0Y25         RAMB36E1                                     r  u_weight_bank/u_weight_bram/mem_reg_0_7/CLKARDCLK
  -------------------------------------------------------------------    -------------------
    RAMB36_X0Y25         RAMB36E1 (Prop_ramb36e1_CLKARDCLK_CASCADEOUTA)
                                                      2.435     6.767 r  u_weight_bank/u_weight_bram/mem_reg_0_7/CASCADEOUTA
                         net (fo=1, routed)           0.065     6.832    u_weight_bank/u_weight_bram/mem_reg_0_7_n_0
    RAMB36_X0Y26         RAMB36E1 (Prop_ramb36e1_CASCADEINA_DOADO[0])
                                                      0.361     7.193 r  u_weight_bank/u_weight_bram/mem_reg_1_7/DOADO[0]
                         net (fo=1, routed)           1.633     8.826    u_ofm_bank/u_pong_bram/host_rdata_o_OBUF[31]_inst_i_3_0[0]
    SLICE_X20Y100        LUT6 (Prop_lut6_I0_O)        0.053     8.879 r  u_ofm_bank/u_pong_bram/host_rdata_o_OBUF[31]_inst_i_4/O
                         net (fo=1, routed)           1.576    10.455    u_ofm_bank/u_pong_bram/host_rdata_o_OBUF[31]_inst_i_4_n_0
    SLICE_X20Y53         LUT4 (Prop_lut4_I0_O)        0.053    10.508 r  u_ofm_bank/u_pong_bram/host_rdata_o_OBUF[31]_inst_i_3/O
                         net (fo=25, routed)          0.794    11.302    u_bias_scale_bank/u_bias_bram/host_rdata_o[7]
    SLICE_X16Y52         LUT6 (Prop_lut6_I5_O)        0.053    11.355 r  u_bias_scale_bank/u_bias_bram/host_rdata_o_OBUF[25]_inst_i_1/O
                         net (fo=1, routed)           5.537    16.892    host_rdata_o_OBUF[25]
    D10                  OBUF (Prop_obuf_I_O)         2.488    19.379 r  host_rdata_o_OBUF[25]_inst/O
                         net (fo=0)                   0.000    19.379    host_rdata_o[25]
    D10                                                               r  host_rdata_o[25] (OUT)
  -------------------------------------------------------------------    -------------------

Slack:                    inf
  Source:                 u_weight_bank/u_weight_bram/mem_reg_0_7/CLKARDCLK
                            (rising edge-triggered cell RAMB36E1 clocked by clk  {rise@0.000ns fall@10.000ns period=20.000ns})
  Destination:            host_rdata_o[23]
                            (output port)
  Path Group:             (none)
  Path Type:              Max at Slow Process Corner
  Data Path Delay:        14.716ns  (logic 5.441ns (36.969%)  route 9.276ns (63.031%))
  Logic Levels:           5  (LUT4=1 LUT6=2 OBUF=1 RAMB36E1=1)
  Clock Uncertainty:      0.025ns  ((TSJ^2 + TIJ^2)^1/2 + DJ) / 2 + PE
    Total System Jitter     (TSJ):    0.050ns
    Total Input Jitter      (TIJ):    0.000ns
    Discrete Jitter          (DJ):    0.000ns
    Phase Error              (PE):    0.000ns

    Location             Delay type                Incr(ns)  Path(ns)    Netlist Resource(s)
  -------------------------------------------------------------------    -------------------
                         (clock clk rise edge)        0.000     0.000 r  
    AA9                                               0.000     0.000 r  clk (IN)
                         net (fo=0)                   0.000     0.000    clk
    AA9                  IBUF (Prop_ibuf_I_O)         0.674     0.674 r  clk_IBUF_inst/O
                         net (fo=1, routed)           2.122     2.796    clk_IBUF
    BUFGCTRL_X0Y0        BUFG (Prop_bufg_I_O)         0.120     2.916 r  clk_IBUF_BUFG_inst/O
                         net (fo=463, routed)         1.417     4.332    u_weight_bank/u_weight_bram/clk_IBUF_BUFG
    RAMB36_X0Y25         RAMB36E1                                     r  u_weight_bank/u_weight_bram/mem_reg_0_7/CLKARDCLK
  -------------------------------------------------------------------    -------------------
    RAMB36_X0Y25         RAMB36E1 (Prop_ramb36e1_CLKARDCLK_CASCADEOUTA)
                                                      2.435     6.767 r  u_weight_bank/u_weight_bram/mem_reg_0_7/CASCADEOUTA
                         net (fo=1, routed)           0.065     6.832    u_weight_bank/u_weight_bram/mem_reg_0_7_n_0
    RAMB36_X0Y26         RAMB36E1 (Prop_ramb36e1_CASCADEINA_DOADO[0])
                                                      0.361     7.193 r  u_weight_bank/u_weight_bram/mem_reg_1_7/DOADO[0]
                         net (fo=1, routed)           1.633     8.826    u_ofm_bank/u_pong_bram/host_rdata_o_OBUF[31]_inst_i_3_0[0]
    SLICE_X20Y100        LUT6 (Prop_lut6_I0_O)        0.053     8.879 r  u_ofm_bank/u_pong_bram/host_rdata_o_OBUF[31]_inst_i_4/O
                         net (fo=1, routed)           1.576    10.455    u_ofm_bank/u_pong_bram/host_rdata_o_OBUF[31]_inst_i_4_n_0
    SLICE_X20Y53         LUT4 (Prop_lut4_I0_O)        0.053    10.508 r  u_ofm_bank/u_pong_bram/host_rdata_o_OBUF[31]_inst_i_3/O
                         net (fo=25, routed)          0.673    11.182    u_bias_scale_bank/u_bias_bram/host_rdata_o[7]
    SLICE_X14Y52         LUT6 (Prop_lut6_I5_O)        0.053    11.235 r  u_bias_scale_bank/u_bias_bram/host_rdata_o_OBUF[23]_inst_i_1/O
                         net (fo=1, routed)           5.329    16.563    host_rdata_o_OBUF[23]
    C11                  OBUF (Prop_obuf_I_O)         2.486    19.049 r  host_rdata_o_OBUF[23]_inst/O
                         net (fo=0)                   0.000    19.049    host_rdata_o[23]
    C11                                                               r  host_rdata_o[23] (OUT)
  -------------------------------------------------------------------    -------------------

Slack:                    inf
  Source:                 u_weight_bank/u_weight_bram/mem_reg_0_7/CLKARDCLK
                            (rising edge-triggered cell RAMB36E1 clocked by clk  {rise@0.000ns fall@10.000ns period=20.000ns})
  Destination:            host_rdata_o[22]
                            (output port)
  Path Group:             (none)
  Path Type:              Max at Slow Process Corner
  Data Path Delay:        14.631ns  (logic 5.416ns (37.016%)  route 9.215ns (62.984%))
  Logic Levels:           5  (LUT4=1 LUT6=2 OBUF=1 RAMB36E1=1)
  Clock Uncertainty:      0.025ns  ((TSJ^2 + TIJ^2)^1/2 + DJ) / 2 + PE
    Total System Jitter     (TSJ):    0.050ns
    Total Input Jitter      (TIJ):    0.000ns
    Discrete Jitter          (DJ):    0.000ns
    Phase Error              (PE):    0.000ns

    Location             Delay type                Incr(ns)  Path(ns)    Netlist Resource(s)
  -------------------------------------------------------------------    -------------------
                         (clock clk rise edge)        0.000     0.000 r  
    AA9                                               0.000     0.000 r  clk (IN)
                         net (fo=0)                   0.000     0.000    clk
    AA9                  IBUF (Prop_ibuf_I_O)         0.674     0.674 r  clk_IBUF_inst/O
                         net (fo=1, routed)           2.122     2.796    clk_IBUF
    BUFGCTRL_X0Y0        BUFG (Prop_bufg_I_O)         0.120     2.916 r  clk_IBUF_BUFG_inst/O
                         net (fo=463, routed)         1.417     4.332    u_weight_bank/u_weight_bram/clk_IBUF_BUFG
    RAMB36_X0Y25         RAMB36E1                                     r  u_weight_bank/u_weight_bram/mem_reg_0_7/CLKARDCLK
  -------------------------------------------------------------------    -------------------
    RAMB36_X0Y25         RAMB36E1 (Prop_ramb36e1_CLKARDCLK_CASCADEOUTA)
                                                      2.435     6.767 r  u_weight_bank/u_weight_bram/mem_reg_0_7/CASCADEOUTA
                         net (fo=1, routed)           0.065     6.832    u_weight_bank/u_weight_bram/mem_reg_0_7_n_0
    RAMB36_X0Y26         RAMB36E1 (Prop_ramb36e1_CASCADEINA_DOADO[0])
                                                      0.361     7.193 r  u_weight_bank/u_weight_bram/mem_reg_1_7/DOADO[0]
                         net (fo=1, routed)           1.633     8.826    u_ofm_bank/u_pong_bram/host_rdata_o_OBUF[31]_inst_i_3_0[0]
    SLICE_X20Y100        LUT6 (Prop_lut6_I0_O)        0.053     8.879 r  u_ofm_bank/u_pong_bram/host_rdata_o_OBUF[31]_inst_i_4/O
                         net (fo=1, routed)           1.576    10.455    u_ofm_bank/u_pong_bram/host_rdata_o_OBUF[31]_inst_i_4_n_0
    SLICE_X20Y53         LUT4 (Prop_lut4_I0_O)        0.053    10.508 r  u_ofm_bank/u_pong_bram/host_rdata_o_OBUF[31]_inst_i_3/O
                         net (fo=25, routed)          0.645    11.153    u_bias_scale_bank/u_bias_bram/host_rdata_o[7]
    SLICE_X14Y52         LUT6 (Prop_lut6_I5_O)        0.053    11.206 r  u_bias_scale_bank/u_bias_bram/host_rdata_o_OBUF[22]_inst_i_1/O
                         net (fo=1, routed)           5.296    16.502    host_rdata_o_OBUF[22]
    E11                  OBUF (Prop_obuf_I_O)         2.461    18.963 r  host_rdata_o_OBUF[22]_inst/O
                         net (fo=0)                   0.000    18.963    host_rdata_o[22]
    E11                                                               r  host_rdata_o[22] (OUT)
  -------------------------------------------------------------------    -------------------

Slack:                    inf
  Source:                 u_weight_bank/u_weight_bram/mem_reg_0_7/CLKARDCLK
                            (rising edge-triggered cell RAMB36E1 clocked by clk  {rise@0.000ns fall@10.000ns period=20.000ns})
  Destination:            host_rdata_o[21]
                            (output port)
  Path Group:             (none)
  Path Type:              Max at Slow Process Corner
  Data Path Delay:        14.601ns  (logic 5.418ns (37.110%)  route 9.182ns (62.890%))
  Logic Levels:           5  (LUT4=1 LUT6=2 OBUF=1 RAMB36E1=1)
  Clock Uncertainty:      0.025ns  ((TSJ^2 + TIJ^2)^1/2 + DJ) / 2 + PE
    Total System Jitter     (TSJ):    0.050ns
    Total Input Jitter      (TIJ):    0.000ns
    Discrete Jitter          (DJ):    0.000ns
    Phase Error              (PE):    0.000ns

    Location             Delay type                Incr(ns)  Path(ns)    Netlist Resource(s)
  -------------------------------------------------------------------    -------------------
                         (clock clk rise edge)        0.000     0.000 r  
    AA9                                               0.000     0.000 r  clk (IN)
                         net (fo=0)                   0.000     0.000    clk
    AA9                  IBUF (Prop_ibuf_I_O)         0.674     0.674 r  clk_IBUF_inst/O
                         net (fo=1, routed)           2.122     2.796    clk_IBUF
    BUFGCTRL_X0Y0        BUFG (Prop_bufg_I_O)         0.120     2.916 r  clk_IBUF_BUFG_inst/O
                         net (fo=463, routed)         1.417     4.332    u_weight_bank/u_weight_bram/clk_IBUF_BUFG
    RAMB36_X0Y25         RAMB36E1                                     r  u_weight_bank/u_weight_bram/mem_reg_0_7/CLKARDCLK
  -------------------------------------------------------------------    -------------------
    RAMB36_X0Y25         RAMB36E1 (Prop_ramb36e1_CLKARDCLK_CASCADEOUTA)
                                                      2.435     6.767 r  u_weight_bank/u_weight_bram/mem_reg_0_7/CASCADEOUTA
                         net (fo=1, routed)           0.065     6.832    u_weight_bank/u_weight_bram/mem_reg_0_7_n_0
    RAMB36_X0Y26         RAMB36E1 (Prop_ramb36e1_CASCADEINA_DOADO[0])
                                                      0.361     7.193 r  u_weight_bank/u_weight_bram/mem_reg_1_7/DOADO[0]
                         net (fo=1, routed)           1.633     8.826    u_ofm_bank/u_pong_bram/host_rdata_o_OBUF[31]_inst_i_3_0[0]
    SLICE_X20Y100        LUT6 (Prop_lut6_I0_O)        0.053     8.879 r  u_ofm_bank/u_pong_bram/host_rdata_o_OBUF[31]_inst_i_4/O
                         net (fo=1, routed)           1.576    10.455    u_ofm_bank/u_pong_bram/host_rdata_o_OBUF[31]_inst_i_4_n_0
    SLICE_X20Y53         LUT4 (Prop_lut4_I0_O)        0.053    10.508 r  u_ofm_bank/u_pong_bram/host_rdata_o_OBUF[31]_inst_i_3/O
                         net (fo=25, routed)          0.924    11.433    u_bias_scale_bank/u_bias_bram/host_rdata_o[7]
    SLICE_X12Y54         LUT6 (Prop_lut6_I5_O)        0.053    11.486 r  u_bias_scale_bank/u_bias_bram/host_rdata_o_OBUF[21]_inst_i_1/O
                         net (fo=1, routed)           4.984    16.470    host_rdata_o_OBUF[21]
    D11                  OBUF (Prop_obuf_I_O)         2.463    18.933 r  host_rdata_o_OBUF[21]_inst/O
                         net (fo=0)                   0.000    18.933    host_rdata_o[21]
    D11                                                               r  host_rdata_o[21] (OUT)
  -------------------------------------------------------------------    -------------------

Slack:                    inf
  Source:                 u_weight_bank/u_weight_bram/mem_reg_0_7/CLKARDCLK
                            (rising edge-triggered cell RAMB36E1 clocked by clk  {rise@0.000ns fall@10.000ns period=20.000ns})
  Destination:            host_rdata_o[28]
                            (output port)
  Path Group:             (none)
  Path Type:              Max at Slow Process Corner
  Data Path Delay:        14.568ns  (logic 5.429ns (37.265%)  route 9.139ns (62.735%))
  Logic Levels:           5  (LUT4=1 LUT6=2 OBUF=1 RAMB36E1=1)
  Clock Uncertainty:      0.025ns  ((TSJ^2 + TIJ^2)^1/2 + DJ) / 2 + PE
    Total System Jitter     (TSJ):    0.050ns
    Total Input Jitter      (TIJ):    0.000ns
    Discrete Jitter          (DJ):    0.000ns
    Phase Error              (PE):    0.000ns

    Location             Delay type                Incr(ns)  Path(ns)    Netlist Resource(s)
  -------------------------------------------------------------------    -------------------
                         (clock clk rise edge)        0.000     0.000 r  
    AA9                                               0.000     0.000 r  clk (IN)
                         net (fo=0)                   0.000     0.000    clk
    AA9                  IBUF (Prop_ibuf_I_O)         0.674     0.674 r  clk_IBUF_inst/O
                         net (fo=1, routed)           2.122     2.796    clk_IBUF
    BUFGCTRL_X0Y0        BUFG (Prop_bufg_I_O)         0.120     2.916 r  clk_IBUF_BUFG_inst/O
                         net (fo=463, routed)         1.417     4.332    u_weight_bank/u_weight_bram/clk_IBUF_BUFG
    RAMB36_X0Y25         RAMB36E1                                     r  u_weight_bank/u_weight_bram/mem_reg_0_7/CLKARDCLK
  -------------------------------------------------------------------    -------------------
    RAMB36_X0Y25         RAMB36E1 (Prop_ramb36e1_CLKARDCLK_CASCADEOUTA)
                                                      2.435     6.767 r  u_weight_bank/u_weight_bram/mem_reg_0_7/CASCADEOUTA
                         net (fo=1, routed)           0.065     6.832    u_weight_bank/u_weight_bram/mem_reg_0_7_n_0
    RAMB36_X0Y26         RAMB36E1 (Prop_ramb36e1_CASCADEINA_DOADO[0])
                                                      0.361     7.193 r  u_weight_bank/u_weight_bram/mem_reg_1_7/DOADO[0]
                         net (fo=1, routed)           1.633     8.826    u_ofm_bank/u_pong_bram/host_rdata_o_OBUF[31]_inst_i_3_0[0]
    SLICE_X20Y100        LUT6 (Prop_lut6_I0_O)        0.053     8.879 r  u_ofm_bank/u_pong_bram/host_rdata_o_OBUF[31]_inst_i_4/O
                         net (fo=1, routed)           1.576    10.455    u_ofm_bank/u_pong_bram/host_rdata_o_OBUF[31]_inst_i_4_n_0
    SLICE_X20Y53         LUT4 (Prop_lut4_I0_O)        0.053    10.508 r  u_ofm_bank/u_pong_bram/host_rdata_o_OBUF[31]_inst_i_3/O
                         net (fo=25, routed)          1.023    11.531    u_bias_scale_bank/u_bias_bram/host_rdata_o[7]
    SLICE_X12Y67         LUT6 (Prop_lut6_I5_O)        0.053    11.584 r  u_bias_scale_bank/u_bias_bram/host_rdata_o_OBUF[28]_inst_i_1/O
                         net (fo=1, routed)           4.842    16.426    host_rdata_o_OBUF[28]
    G11                  OBUF (Prop_obuf_I_O)         2.474    18.900 r  host_rdata_o_OBUF[28]_inst/O
                         net (fo=0)                   0.000    18.900    host_rdata_o[28]
    G11                                                               r  host_rdata_o[28] (OUT)
  -------------------------------------------------------------------    -------------------

Slack:                    inf
  Source:                 u_weight_bank/u_weight_bram/mem_reg_0_7/CLKARDCLK
                            (rising edge-triggered cell RAMB36E1 clocked by clk  {rise@0.000ns fall@10.000ns period=20.000ns})
  Destination:            host_rdata_o[9]
                            (output port)
  Path Group:             (none)
  Path Type:              Max at Slow Process Corner
  Data Path Delay:        14.101ns  (logic 5.438ns (38.565%)  route 8.663ns (61.435%))
  Logic Levels:           5  (LUT4=1 LUT6=2 OBUF=1 RAMB36E1=1)
  Clock Uncertainty:      0.025ns  ((TSJ^2 + TIJ^2)^1/2 + DJ) / 2 + PE
    Total System Jitter     (TSJ):    0.050ns
    Total Input Jitter      (TIJ):    0.000ns
    Discrete Jitter          (DJ):    0.000ns
    Phase Error              (PE):    0.000ns

    Location             Delay type                Incr(ns)  Path(ns)    Netlist Resource(s)
  -------------------------------------------------------------------    -------------------
                         (clock clk rise edge)        0.000     0.000 r  
    AA9                                               0.000     0.000 r  clk (IN)
                         net (fo=0)                   0.000     0.000    clk
    AA9                  IBUF (Prop_ibuf_I_O)         0.674     0.674 r  clk_IBUF_inst/O
                         net (fo=1, routed)           2.122     2.796    clk_IBUF
    BUFGCTRL_X0Y0        BUFG (Prop_bufg_I_O)         0.120     2.916 r  clk_IBUF_BUFG_inst/O
                         net (fo=463, routed)         1.417     4.332    u_weight_bank/u_weight_bram/clk_IBUF_BUFG
    RAMB36_X0Y25         RAMB36E1                                     r  u_weight_bank/u_weight_bram/mem_reg_0_7/CLKARDCLK
  -------------------------------------------------------------------    -------------------
    RAMB36_X0Y25         RAMB36E1 (Prop_ramb36e1_CLKARDCLK_CASCADEOUTA)
                                                      2.435     6.767 r  u_weight_bank/u_weight_bram/mem_reg_0_7/CASCADEOUTA
                         net (fo=1, routed)           0.065     6.832    u_weight_bank/u_weight_bram/mem_reg_0_7_n_0
    RAMB36_X0Y26         RAMB36E1 (Prop_ramb36e1_CASCADEINA_DOADO[0])
                                                      0.361     7.193 r  u_weight_bank/u_weight_bram/mem_reg_1_7/DOADO[0]
                         net (fo=1, routed)           1.633     8.826    u_ofm_bank/u_pong_bram/host_rdata_o_OBUF[31]_inst_i_3_0[0]
    SLICE_X20Y100        LUT6 (Prop_lut6_I0_O)        0.053     8.879 r  u_ofm_bank/u_pong_bram/host_rdata_o_OBUF[31]_inst_i_4/O
                         net (fo=1, routed)           1.576    10.455    u_ofm_bank/u_pong_bram/host_rdata_o_OBUF[31]_inst_i_4_n_0
    SLICE_X20Y53         LUT4 (Prop_lut4_I0_O)        0.053    10.508 r  u_ofm_bank/u_pong_bram/host_rdata_o_OBUF[31]_inst_i_3/O
                         net (fo=25, routed)          1.317    11.825    u_bias_scale_bank/u_bias_bram/host_rdata_o[7]
    SLICE_X4Y53          LUT6 (Prop_lut6_I5_O)        0.053    11.878 r  u_bias_scale_bank/u_bias_bram/host_rdata_o_OBUF[9]_inst_i_1/O
                         net (fo=1, routed)           4.072    15.950    host_rdata_o_OBUF[9]
    B11                  OBUF (Prop_obuf_I_O)         2.483    18.433 r  host_rdata_o_OBUF[9]_inst/O
                         net (fo=0)                   0.000    18.433    host_rdata_o[9]
    B11                                                               r  host_rdata_o[9] (OUT)
  -------------------------------------------------------------------    -------------------





Min Delay Paths
--------------------------------------------------------------------------------------
Slack:                    inf
  Source:                 u_controller/FSM_onehot_state_q_reg[4]/C
                            (rising edge-triggered cell FDPE clocked by clk  {rise@0.000ns fall@10.000ns period=20.000ns})
  Destination:            busy_o
                            (output port)
  Path Group:             (none)
  Path Type:              Min at Fast Process Corner
  Data Path Delay:        2.305ns  (logic 1.433ns (62.171%)  route 0.872ns (37.829%))
  Logic Levels:           2  (LUT3=1 OBUF=1)
  Clock Uncertainty:      0.025ns  ((TSJ^2 + TIJ^2)^1/2 + DJ) / 2 + PE
    Total System Jitter     (TSJ):    0.050ns
    Total Input Jitter      (TIJ):    0.000ns
    Discrete Jitter          (DJ):    0.000ns
    Phase Error              (PE):    0.000ns

    Location             Delay type                Incr(ns)  Path(ns)    Netlist Resource(s)
  -------------------------------------------------------------------    -------------------
                         (clock clk rise edge)        0.000     0.000 r  
    AA9                                               0.000     0.000 r  clk (IN)
                         net (fo=0)                   0.000     0.000    clk
    AA9                  IBUF (Prop_ibuf_I_O)         0.075     0.075 r  clk_IBUF_inst/O
                         net (fo=1, routed)           0.853     0.928    clk_IBUF
    BUFGCTRL_X0Y0        BUFG (Prop_bufg_I_O)         0.026     0.954 r  clk_IBUF_BUFG_inst/O
                         net (fo=463, routed)         0.624     1.578    u_controller/clk_IBUF_BUFG
    SLICE_X7Y30          FDPE                                         r  u_controller/FSM_onehot_state_q_reg[4]/C
  -------------------------------------------------------------------    -------------------
    SLICE_X7Y30          FDPE (Prop_fdpe_C_Q)         0.100     1.678 f  u_controller/FSM_onehot_state_q_reg[4]/Q
                         net (fo=43, routed)          0.140     1.818    u_controller/FSM_onehot_state_q_reg[4]_0
    SLICE_X7Y30          LUT3 (Prop_lut3_I2_O)        0.029     1.847 r  u_controller/busy_o_OBUF_inst_i_1/O
                         net (fo=1, routed)           0.732     2.579    busy_o_OBUF
    U16                  OBUF (Prop_obuf_I_O)         1.304     3.883 r  busy_o_OBUF_inst/O
                         net (fo=0)                   0.000     3.883    busy_o
    U16                                                               r  busy_o (OUT)
  -------------------------------------------------------------------    -------------------

Slack:                    inf
  Source:                 u_controller/FSM_onehot_state_q_reg[5]/C
                            (rising edge-triggered cell FDCE clocked by clk  {rise@0.000ns fall@10.000ns period=20.000ns})
  Destination:            error_o
                            (output port)
  Path Group:             (none)
  Path Type:              Min at Fast Process Corner
  Data Path Delay:        2.368ns  (logic 1.393ns (58.826%)  route 0.975ns (41.174%))
  Logic Levels:           1  (OBUF=1)
  Clock Uncertainty:      0.025ns  ((TSJ^2 + TIJ^2)^1/2 + DJ) / 2 + PE
    Total System Jitter     (TSJ):    0.050ns
    Total Input Jitter      (TIJ):    0.000ns
    Discrete Jitter          (DJ):    0.000ns
    Phase Error              (PE):    0.000ns

    Location             Delay type                Incr(ns)  Path(ns)    Netlist Resource(s)
  -------------------------------------------------------------------    -------------------
                         (clock clk rise edge)        0.000     0.000 r  
    AA9                                               0.000     0.000 r  clk (IN)
                         net (fo=0)                   0.000     0.000    clk
    AA9                  IBUF (Prop_ibuf_I_O)         0.075     0.075 r  clk_IBUF_inst/O
                         net (fo=1, routed)           0.853     0.928    clk_IBUF
    BUFGCTRL_X0Y0        BUFG (Prop_bufg_I_O)         0.026     0.954 r  clk_IBUF_BUFG_inst/O
                         net (fo=463, routed)         0.597     1.551    u_controller/clk_IBUF_BUFG
    SLICE_X8Y32          FDCE                                         r  u_controller/FSM_onehot_state_q_reg[5]/C
  -------------------------------------------------------------------    -------------------
    SLICE_X8Y32          FDCE (Prop_fdce_C_Q)         0.118     1.669 r  u_controller/FSM_onehot_state_q_reg[5]/Q
                         net (fo=7, routed)           0.975     2.644    error_o_OBUF
    R18                  OBUF (Prop_obuf_I_O)         1.275     3.919 r  error_o_OBUF_inst/O
                         net (fo=0)                   0.000     3.919    error_o
    R18                                                               r  error_o (OUT)
  -------------------------------------------------------------------    -------------------

Slack:                    inf
  Source:                 u_controller/FSM_onehot_state_q_reg[10]/C
                            (rising edge-triggered cell FDCE clocked by clk  {rise@0.000ns fall@10.000ns period=20.000ns})
  Destination:            done_o
                            (output port)
  Path Group:             (none)
  Path Type:              Min at Fast Process Corner
  Data Path Delay:        2.459ns  (logic 1.398ns (56.839%)  route 1.061ns (43.161%))
  Logic Levels:           1  (OBUF=1)
  Clock Uncertainty:      0.025ns  ((TSJ^2 + TIJ^2)^1/2 + DJ) / 2 + PE
    Total System Jitter     (TSJ):    0.050ns
    Total Input Jitter      (TIJ):    0.000ns
    Discrete Jitter          (DJ):    0.000ns
    Phase Error              (PE):    0.000ns

    Location             Delay type                Incr(ns)  Path(ns)    Netlist Resource(s)
  -------------------------------------------------------------------    -------------------
                         (clock clk rise edge)        0.000     0.000 r  
    AA9                                               0.000     0.000 r  clk (IN)
                         net (fo=0)                   0.000     0.000    clk
    AA9                  IBUF (Prop_ibuf_I_O)         0.075     0.075 r  clk_IBUF_inst/O
                         net (fo=1, routed)           0.853     0.928    clk_IBUF
    BUFGCTRL_X0Y0        BUFG (Prop_bufg_I_O)         0.026     0.954 r  clk_IBUF_BUFG_inst/O
                         net (fo=463, routed)         0.597     1.551    u_controller/clk_IBUF_BUFG
    SLICE_X10Y32         FDCE                                         r  u_controller/FSM_onehot_state_q_reg[10]/C
  -------------------------------------------------------------------    -------------------
    SLICE_X10Y32         FDCE (Prop_fdce_C_Q)         0.118     1.669 r  u_controller/FSM_onehot_state_q_reg[10]/Q
                         net (fo=7, routed)           1.061     2.730    done_o_OBUF
    P18                  OBUF (Prop_obuf_I_O)         1.280     4.010 r  done_o_OBUF_inst/O
                         net (fo=0)                   0.000     4.010    done_o
    P18                                                               r  done_o (OUT)
  -------------------------------------------------------------------    -------------------

Slack:                    inf
  Source:                 u_bias_scale_bank/host_param_sel_q_reg[1]/C
                            (rising edge-triggered cell FDCE clocked by clk  {rise@0.000ns fall@10.000ns period=20.000ns})
  Destination:            host_rdata_o[13]
                            (output port)
  Path Group:             (none)
  Path Type:              Min at Fast Process Corner
  Data Path Delay:        2.988ns  (logic 1.463ns (48.952%)  route 1.525ns (51.048%))
  Logic Levels:           3  (LUT5=1 LUT6=1 OBUF=1)
  Clock Uncertainty:      0.025ns  ((TSJ^2 + TIJ^2)^1/2 + DJ) / 2 + PE
    Total System Jitter     (TSJ):    0.050ns
    Total Input Jitter      (TIJ):    0.000ns
    Discrete Jitter          (DJ):    0.000ns
    Phase Error              (PE):    0.000ns

    Location             Delay type                Incr(ns)  Path(ns)    Netlist Resource(s)
  -------------------------------------------------------------------    -------------------
                         (clock clk rise edge)        0.000     0.000 r  
    AA9                                               0.000     0.000 r  clk (IN)
                         net (fo=0)                   0.000     0.000    clk
    AA9                  IBUF (Prop_ibuf_I_O)         0.075     0.075 r  clk_IBUF_inst/O
                         net (fo=1, routed)           0.853     0.928    clk_IBUF
    BUFGCTRL_X0Y0        BUFG (Prop_bufg_I_O)         0.026     0.954 r  clk_IBUF_BUFG_inst/O
                         net (fo=463, routed)         0.604     1.558    u_bias_scale_bank/clk_IBUF_BUFG
    SLICE_X8Y49          FDCE                                         r  u_bias_scale_bank/host_param_sel_q_reg[1]/C
  -------------------------------------------------------------------    -------------------
    SLICE_X8Y49          FDCE (Prop_fdce_C_Q)         0.118     1.676 r  u_bias_scale_bank/host_param_sel_q_reg[1]/Q
                         net (fo=33, routed)          0.176     1.852    u_bias_scale_bank/u_bias_bram/host_param_sel_q[1]
    SLICE_X8Y51          LUT5 (Prop_lut5_I3_O)        0.028     1.880 r  u_bias_scale_bank/u_bias_bram/host_rdata_o_OBUF[13]_inst_i_2/O
                         net (fo=1, routed)           0.202     2.082    u_bias_scale_bank/u_bias_bram/param_host_rdata[13]
    SLICE_X6Y51          LUT6 (Prop_lut6_I0_O)        0.028     2.110 r  u_bias_scale_bank/u_bias_bram/host_rdata_o_OBUF[13]_inst_i_1/O
                         net (fo=1, routed)           1.147     3.257    host_rdata_o_OBUF[13]
    E12                  OBUF (Prop_obuf_I_O)         1.289     4.546 r  host_rdata_o_OBUF[13]_inst/O
                         net (fo=0)                   0.000     4.546    host_rdata_o[13]
    E12                                                               r  host_rdata_o[13] (OUT)
  -------------------------------------------------------------------    -------------------

Slack:                    inf
  Source:                 u_controller/FSM_onehot_state_q_reg[6]/C
                            (rising edge-triggered cell FDCE clocked by clk  {rise@0.000ns fall@10.000ns period=20.000ns})
  Destination:            state_dbg_o[0]
                            (output port)
  Path Group:             (none)
  Path Type:              Min at Fast Process Corner
  Data Path Delay:        3.002ns  (logic 1.462ns (48.707%)  route 1.540ns (51.293%))
  Logic Levels:           2  (LUT6=1 OBUF=1)
  Clock Uncertainty:      0.025ns  ((TSJ^2 + TIJ^2)^1/2 + DJ) / 2 + PE
    Total System Jitter     (TSJ):    0.050ns
    Total Input Jitter      (TIJ):    0.000ns
    Discrete Jitter          (DJ):    0.000ns
    Phase Error              (PE):    0.000ns

    Location             Delay type                Incr(ns)  Path(ns)    Netlist Resource(s)
  -------------------------------------------------------------------    -------------------
                         (clock clk rise edge)        0.000     0.000 r  
    AA9                                               0.000     0.000 r  clk (IN)
                         net (fo=0)                   0.000     0.000    clk
    AA9                  IBUF (Prop_ibuf_I_O)         0.075     0.075 r  clk_IBUF_inst/O
                         net (fo=1, routed)           0.853     0.928    clk_IBUF
    BUFGCTRL_X0Y0        BUFG (Prop_bufg_I_O)         0.026     0.954 r  clk_IBUF_BUFG_inst/O
                         net (fo=463, routed)         0.627     1.581    u_controller/clk_IBUF_BUFG
    SLICE_X7Y33          FDCE                                         r  u_controller/FSM_onehot_state_q_reg[6]/C
  -------------------------------------------------------------------    -------------------
    SLICE_X7Y33          FDCE (Prop_fdce_C_Q)         0.100     1.681 r  u_controller/FSM_onehot_state_q_reg[6]/Q
                         net (fo=4, routed)           0.152     1.833    u_controller/FSM_onehot_state_q_reg_n_0_[6]
    SLICE_X7Y33          LUT6 (Prop_lut6_I4_O)        0.028     1.861 r  u_controller/state_dbg_o_OBUF[0]_inst_i_1/O
                         net (fo=1, routed)           1.388     3.249    state_dbg_o_OBUF[0]
    A9                   OBUF (Prop_obuf_I_O)         1.334     4.583 r  state_dbg_o_OBUF[0]_inst/O
                         net (fo=0)                   0.000     4.583    state_dbg_o[0]
    A9                                                                r  state_dbg_o[0] (OUT)
  -------------------------------------------------------------------    -------------------

Slack:                    inf
  Source:                 u_controller/FSM_onehot_state_q_reg[6]/C
                            (rising edge-triggered cell FDCE clocked by clk  {rise@0.000ns fall@10.000ns period=20.000ns})
  Destination:            state_dbg_o[2]
                            (output port)
  Path Group:             (none)
  Path Type:              Min at Fast Process Corner
  Data Path Delay:        3.021ns  (logic 1.446ns (47.861%)  route 1.575ns (52.139%))
  Logic Levels:           2  (LUT5=1 OBUF=1)
  Clock Uncertainty:      0.025ns  ((TSJ^2 + TIJ^2)^1/2 + DJ) / 2 + PE
    Total System Jitter     (TSJ):    0.050ns
    Total Input Jitter      (TIJ):    0.000ns
    Discrete Jitter          (DJ):    0.000ns
    Phase Error              (PE):    0.000ns

    Location             Delay type                Incr(ns)  Path(ns)    Netlist Resource(s)
  -------------------------------------------------------------------    -------------------
                         (clock clk rise edge)        0.000     0.000 r  
    AA9                                               0.000     0.000 r  clk (IN)
                         net (fo=0)                   0.000     0.000    clk
    AA9                  IBUF (Prop_ibuf_I_O)         0.075     0.075 r  clk_IBUF_inst/O
                         net (fo=1, routed)           0.853     0.928    clk_IBUF
    BUFGCTRL_X0Y0        BUFG (Prop_bufg_I_O)         0.026     0.954 r  clk_IBUF_BUFG_inst/O
                         net (fo=463, routed)         0.627     1.581    u_controller/clk_IBUF_BUFG
    SLICE_X7Y33          FDCE                                         r  u_controller/FSM_onehot_state_q_reg[6]/C
  -------------------------------------------------------------------    -------------------
    SLICE_X7Y33          FDCE (Prop_fdce_C_Q)         0.100     1.681 r  u_controller/FSM_onehot_state_q_reg[6]/Q
                         net (fo=4, routed)           0.266     1.947    u_controller/FSM_onehot_state_q_reg_n_0_[6]
    SLICE_X7Y33          LUT5 (Prop_lut5_I1_O)        0.028     1.975 r  u_controller/state_dbg_o_OBUF[2]_inst_i_1/O
                         net (fo=1, routed)           1.309     3.284    state_dbg_o_OBUF[2]
    D9                   OBUF (Prop_obuf_I_O)         1.318     4.602 r  state_dbg_o_OBUF[2]_inst/O
                         net (fo=0)                   0.000     4.602    state_dbg_o[2]
    D9                                                                r  state_dbg_o[2] (OUT)
  -------------------------------------------------------------------    -------------------

Slack:                    inf
  Source:                 u_bias_scale_bank/host_param_sel_q_reg[1]/C
                            (rising edge-triggered cell FDCE clocked by clk  {rise@0.000ns fall@10.000ns period=20.000ns})
  Destination:            host_rdata_o[10]
                            (output port)
  Path Group:             (none)
  Path Type:              Min at Fast Process Corner
  Data Path Delay:        3.122ns  (logic 1.483ns (47.503%)  route 1.639ns (52.497%))
  Logic Levels:           3  (LUT5=1 LUT6=1 OBUF=1)
  Clock Uncertainty:      0.025ns  ((TSJ^2 + TIJ^2)^1/2 + DJ) / 2 + PE
    Total System Jitter     (TSJ):    0.050ns
    Total Input Jitter      (TIJ):    0.000ns
    Discrete Jitter          (DJ):    0.000ns
    Phase Error              (PE):    0.000ns

    Location             Delay type                Incr(ns)  Path(ns)    Netlist Resource(s)
  -------------------------------------------------------------------    -------------------
                         (clock clk rise edge)        0.000     0.000 r  
    AA9                                               0.000     0.000 r  clk (IN)
                         net (fo=0)                   0.000     0.000    clk
    AA9                  IBUF (Prop_ibuf_I_O)         0.075     0.075 r  clk_IBUF_inst/O
                         net (fo=1, routed)           0.853     0.928    clk_IBUF
    BUFGCTRL_X0Y0        BUFG (Prop_bufg_I_O)         0.026     0.954 r  clk_IBUF_BUFG_inst/O
                         net (fo=463, routed)         0.604     1.558    u_bias_scale_bank/clk_IBUF_BUFG
    SLICE_X8Y49          FDCE                                         r  u_bias_scale_bank/host_param_sel_q_reg[1]/C
  -------------------------------------------------------------------    -------------------
    SLICE_X8Y49          FDCE (Prop_fdce_C_Q)         0.118     1.676 r  u_bias_scale_bank/host_param_sel_q_reg[1]/Q
                         net (fo=33, routed)          0.295     1.971    u_bias_scale_bank/u_bias_bram/host_param_sel_q[1]
    SLICE_X8Y54          LUT5 (Prop_lut5_I3_O)        0.028     1.999 r  u_bias_scale_bank/u_bias_bram/host_rdata_o_OBUF[10]_inst_i_2/O
                         net (fo=1, routed)           0.257     2.256    u_bias_scale_bank/u_bias_bram/param_host_rdata[10]
    SLICE_X2Y55          LUT6 (Prop_lut6_I0_O)        0.028     2.284 r  u_bias_scale_bank/u_bias_bram/host_rdata_o_OBUF[10]_inst_i_1/O
                         net (fo=1, routed)           1.087     3.371    host_rdata_o_OBUF[10]
    B12                  OBUF (Prop_obuf_I_O)         1.309     4.680 r  host_rdata_o_OBUF[10]_inst/O
                         net (fo=0)                   0.000     4.680    host_rdata_o[10]
    B12                                                               r  host_rdata_o[10] (OUT)
  -------------------------------------------------------------------    -------------------

Slack:                    inf
  Source:                 u_bias_scale_bank/host_param_sel_q_reg[1]/C
                            (rising edge-triggered cell FDCE clocked by clk  {rise@0.000ns fall@10.000ns period=20.000ns})
  Destination:            host_rdata_o[11]
                            (output port)
  Path Group:             (none)
  Path Type:              Min at Fast Process Corner
  Data Path Delay:        3.148ns  (logic 1.485ns (47.189%)  route 1.662ns (52.811%))
  Logic Levels:           3  (LUT5=1 LUT6=1 OBUF=1)
  Clock Uncertainty:      0.025ns  ((TSJ^2 + TIJ^2)^1/2 + DJ) / 2 + PE
    Total System Jitter     (TSJ):    0.050ns
    Total Input Jitter      (TIJ):    0.000ns
    Discrete Jitter          (DJ):    0.000ns
    Phase Error              (PE):    0.000ns

    Location             Delay type                Incr(ns)  Path(ns)    Netlist Resource(s)
  -------------------------------------------------------------------    -------------------
                         (clock clk rise edge)        0.000     0.000 r  
    AA9                                               0.000     0.000 r  clk (IN)
                         net (fo=0)                   0.000     0.000    clk
    AA9                  IBUF (Prop_ibuf_I_O)         0.075     0.075 r  clk_IBUF_inst/O
                         net (fo=1, routed)           0.853     0.928    clk_IBUF
    BUFGCTRL_X0Y0        BUFG (Prop_bufg_I_O)         0.026     0.954 r  clk_IBUF_BUFG_inst/O
                         net (fo=463, routed)         0.604     1.558    u_bias_scale_bank/clk_IBUF_BUFG
    SLICE_X8Y49          FDCE                                         r  u_bias_scale_bank/host_param_sel_q_reg[1]/C
  -------------------------------------------------------------------    -------------------
    SLICE_X8Y49          FDCE (Prop_fdce_C_Q)         0.118     1.676 r  u_bias_scale_bank/host_param_sel_q_reg[1]/Q
                         net (fo=33, routed)          0.174     1.850    u_bias_scale_bank/u_bias_bram/host_param_sel_q[1]
    SLICE_X8Y51          LUT5 (Prop_lut5_I3_O)        0.028     1.878 r  u_bias_scale_bank/u_bias_bram/host_rdata_o_OBUF[11]_inst_i_2/O
                         net (fo=1, routed)           0.361     2.239    u_bias_scale_bank/u_bias_bram/param_host_rdata[11]
    SLICE_X2Y52          LUT6 (Prop_lut6_I0_O)        0.028     2.267 r  u_bias_scale_bank/u_bias_bram/host_rdata_o_OBUF[11]_inst_i_1/O
                         net (fo=1, routed)           1.127     3.394    host_rdata_o_OBUF[11]
    C13                  OBUF (Prop_obuf_I_O)         1.311     4.705 r  host_rdata_o_OBUF[11]_inst/O
                         net (fo=0)                   0.000     4.705    host_rdata_o[11]
    C13                                                               r  host_rdata_o[11] (OUT)
  -------------------------------------------------------------------    -------------------

Slack:                    inf
  Source:                 u_bias_scale_bank/host_param_sel_q_reg[1]/C
                            (rising edge-triggered cell FDCE clocked by clk  {rise@0.000ns fall@10.000ns period=20.000ns})
  Destination:            host_rdata_o[15]
                            (output port)
  Path Group:             (none)
  Path Type:              Min at Fast Process Corner
  Data Path Delay:        3.175ns  (logic 1.476ns (46.500%)  route 1.699ns (53.500%))
  Logic Levels:           3  (LUT5=1 LUT6=1 OBUF=1)
  Clock Uncertainty:      0.025ns  ((TSJ^2 + TIJ^2)^1/2 + DJ) / 2 + PE
    Total System Jitter     (TSJ):    0.050ns
    Total Input Jitter      (TIJ):    0.000ns
    Discrete Jitter          (DJ):    0.000ns
    Phase Error              (PE):    0.000ns

    Location             Delay type                Incr(ns)  Path(ns)    Netlist Resource(s)
  -------------------------------------------------------------------    -------------------
                         (clock clk rise edge)        0.000     0.000 r  
    AA9                                               0.000     0.000 r  clk (IN)
                         net (fo=0)                   0.000     0.000    clk
    AA9                  IBUF (Prop_ibuf_I_O)         0.075     0.075 r  clk_IBUF_inst/O
                         net (fo=1, routed)           0.853     0.928    clk_IBUF
    BUFGCTRL_X0Y0        BUFG (Prop_bufg_I_O)         0.026     0.954 r  clk_IBUF_BUFG_inst/O
                         net (fo=463, routed)         0.604     1.558    u_bias_scale_bank/clk_IBUF_BUFG
    SLICE_X8Y49          FDCE                                         r  u_bias_scale_bank/host_param_sel_q_reg[1]/C
  -------------------------------------------------------------------    -------------------
    SLICE_X8Y49          FDCE (Prop_fdce_C_Q)         0.118     1.676 r  u_bias_scale_bank/host_param_sel_q_reg[1]/Q
                         net (fo=33, routed)          0.246     1.922    u_bias_scale_bank/u_bias_bram/host_param_sel_q[1]
    SLICE_X8Y53          LUT5 (Prop_lut5_I3_O)        0.028     1.950 r  u_bias_scale_bank/u_bias_bram/host_rdata_o_OBUF[15]_inst_i_2/O
                         net (fo=1, routed)           0.302     2.252    u_bias_scale_bank/u_bias_bram/param_host_rdata[15]
    SLICE_X4Y53          LUT6 (Prop_lut6_I0_O)        0.028     2.280 r  u_bias_scale_bank/u_bias_bram/host_rdata_o_OBUF[15]_inst_i_1/O
                         net (fo=1, routed)           1.150     3.431    host_rdata_o_OBUF[15]
    D13                  OBUF (Prop_obuf_I_O)         1.302     4.733 r  host_rdata_o_OBUF[15]_inst/O
                         net (fo=0)                   0.000     4.733    host_rdata_o[15]
    D13                                                               r  host_rdata_o[15] (OUT)
  -------------------------------------------------------------------    -------------------

Slack:                    inf
  Source:                 u_bias_scale_bank/host_param_sel_q_reg[1]/C
                            (rising edge-triggered cell FDCE clocked by clk  {rise@0.000ns fall@10.000ns period=20.000ns})
  Destination:            host_rdata_o[12]
                            (output port)
  Path Group:             (none)
  Path Type:              Min at Fast Process Corner
  Data Path Delay:        3.177ns  (logic 1.483ns (46.684%)  route 1.694ns (53.316%))
  Logic Levels:           3  (LUT5=1 LUT6=1 OBUF=1)
  Clock Uncertainty:      0.025ns  ((TSJ^2 + TIJ^2)^1/2 + DJ) / 2 + PE
    Total System Jitter     (TSJ):    0.050ns
    Total Input Jitter      (TIJ):    0.000ns
    Discrete Jitter          (DJ):    0.000ns
    Phase Error              (PE):    0.000ns

    Location             Delay type                Incr(ns)  Path(ns)    Netlist Resource(s)
  -------------------------------------------------------------------    -------------------
                         (clock clk rise edge)        0.000     0.000 r  
    AA9                                               0.000     0.000 r  clk (IN)
                         net (fo=0)                   0.000     0.000    clk
    AA9                  IBUF (Prop_ibuf_I_O)         0.075     0.075 r  clk_IBUF_inst/O
                         net (fo=1, routed)           0.853     0.928    clk_IBUF
    BUFGCTRL_X0Y0        BUFG (Prop_bufg_I_O)         0.026     0.954 r  clk_IBUF_BUFG_inst/O
                         net (fo=463, routed)         0.604     1.558    u_bias_scale_bank/clk_IBUF_BUFG
    SLICE_X8Y49          FDCE                                         r  u_bias_scale_bank/host_param_sel_q_reg[1]/C
  -------------------------------------------------------------------    -------------------
    SLICE_X8Y49          FDCE (Prop_fdce_C_Q)         0.118     1.676 r  u_bias_scale_bank/host_param_sel_q_reg[1]/Q
                         net (fo=33, routed)          0.408     2.084    u_bias_scale_bank/u_bias_bram/host_param_sel_q[1]
    SLICE_X8Y57          LUT5 (Prop_lut5_I3_O)        0.028     2.112 r  u_bias_scale_bank/u_bias_bram/host_rdata_o_OBUF[12]_inst_i_2/O
                         net (fo=1, routed)           0.258     2.370    u_bias_scale_bank/u_bias_bram/param_host_rdata[12]
    SLICE_X6Y58          LUT6 (Prop_lut6_I0_O)        0.028     2.398 r  u_bias_scale_bank/u_bias_bram/host_rdata_o_OBUF[12]_inst_i_1/O
                         net (fo=1, routed)           1.028     3.426    host_rdata_o_OBUF[12]
    C14                  OBUF (Prop_obuf_I_O)         1.309     4.735 r  host_rdata_o_OBUF[12]_inst/O
                         net (fo=0)                   0.000     4.735    host_rdata_o[12]
    C14                                                               r  host_rdata_o[12] (OUT)
  -------------------------------------------------------------------    -------------------





--------------------------------------------------------------------------------------
Path Group:  (none)
From Clock:  
  To Clock:  clk

Max Delay          2514 Endpoints
Min Delay          2514 Endpoints
--------------------------------------------------------------------------------------


Max Delay Paths
--------------------------------------------------------------------------------------
Slack:                    inf
  Source:                 host_addr_i[15]
                            (input port)
  Destination:            u_weight_bank/u_weight_bram/mem_reg_0_7/ENARDEN
                            (rising edge-triggered cell RAMB36E1 clocked by clk  {rise@0.000ns fall@10.000ns period=20.000ns})
  Path Group:             (none)
  Path Type:              Setup (Max at Slow Process Corner)
  Data Path Delay:        15.815ns  (logic 0.919ns (5.810%)  route 14.896ns (94.190%))
  Logic Levels:           2  (IBUF=1 LUT3=1)
  Clock Path Skew:        3.983ns (DCD - SCD + CPR)
    Destination Clock Delay (DCD):    3.983ns
    Source Clock Delay      (SCD):    0.000ns
    Clock Pessimism Removal (CPR):    0.000ns
  Clock Uncertainty:      0.025ns  ((TSJ^2 + TIJ^2)^1/2 + DJ) / 2 + PE
    Total System Jitter     (TSJ):    0.050ns
    Total Input Jitter      (TIJ):    0.000ns
    Discrete Jitter          (DJ):    0.000ns
    Phase Error              (PE):    0.000ns

    Location             Delay type                Incr(ns)  Path(ns)    Netlist Resource(s)
  -------------------------------------------------------------------    -------------------
    B16                                               0.000     0.000 f  host_addr_i[15] (IN)
                         net (fo=0)                   0.000     0.000    host_addr_i[15]
    B16                  IBUF (Prop_ibuf_I_O)         0.853     0.853 f  host_addr_i_IBUF[15]_inst/O
                         net (fo=120, routed)        11.056    11.909    u_weight_bank/u_weight_bram/a_addr_i[15]
    SLICE_X8Y27          LUT3 (Prop_lut3_I1_O)        0.066    11.975 r  u_weight_bank/u_weight_bram/mem_reg_0_7_ENARDEN_cooolgate_en_gate_84/O
                         net (fo=1, routed)           3.840    15.815    u_weight_bank/u_weight_bram/mem_reg_0_7_ENARDEN_cooolgate_en_sig_45
    RAMB36_X0Y25         RAMB36E1                                     r  u_weight_bank/u_weight_bram/mem_reg_0_7/ENARDEN
  -------------------------------------------------------------------    -------------------

                         (clock clk rise edge)        0.000     0.000 r  
    AA9                                               0.000     0.000 r  clk (IN)
                         net (fo=0)                   0.000     0.000    clk
    AA9                  IBUF (Prop_ibuf_I_O)         0.549     0.549 r  clk_IBUF_inst/O
                         net (fo=1, routed)           2.022     2.571    clk_IBUF
    BUFGCTRL_X0Y0        BUFG (Prop_bufg_I_O)         0.113     2.684 r  clk_IBUF_BUFG_inst/O
                         net (fo=463, routed)         1.300     3.983    u_weight_bank/u_weight_bram/clk_IBUF_BUFG
    RAMB36_X0Y25         RAMB36E1                                     r  u_weight_bank/u_weight_bram/mem_reg_0_7/CLKARDCLK

Slack:                    inf
  Source:                 host_addr_i[15]
                            (input port)
  Destination:            u_ifm_bank/u_ping_bram/mem_reg_0_3/ENARDEN
                            (rising edge-triggered cell RAMB36E1 clocked by clk  {rise@0.000ns fall@10.000ns period=20.000ns})
  Path Group:             (none)
  Path Type:              Setup (Max at Slow Process Corner)
  Data Path Delay:        14.635ns  (logic 0.918ns (6.271%)  route 13.717ns (93.729%))
  Logic Levels:           2  (IBUF=1 LUT3=1)
  Clock Path Skew:        3.984ns (DCD - SCD + CPR)
    Destination Clock Delay (DCD):    3.984ns
    Source Clock Delay      (SCD):    0.000ns
    Clock Pessimism Removal (CPR):    0.000ns
  Clock Uncertainty:      0.025ns  ((TSJ^2 + TIJ^2)^1/2 + DJ) / 2 + PE
    Total System Jitter     (TSJ):    0.050ns
    Total Input Jitter      (TIJ):    0.000ns
    Discrete Jitter          (DJ):    0.000ns
    Phase Error              (PE):    0.000ns

    Location             Delay type                Incr(ns)  Path(ns)    Netlist Resource(s)
  -------------------------------------------------------------------    -------------------
    B16                                               0.000     0.000 f  host_addr_i[15] (IN)
                         net (fo=0)                   0.000     0.000    host_addr_i[15]
    B16                  IBUF (Prop_ibuf_I_O)         0.853     0.853 f  host_addr_i_IBUF[15]_inst/O
                         net (fo=120, routed)        10.013    10.866    u_ifm_bank/u_ping_bram/ADDRBWRADDR[15]
    SLICE_X24Y22         LUT3 (Prop_lut3_I1_O)        0.065    10.931 r  u_ifm_bank/u_ping_bram/mem_reg_0_3_ENARDEN_cooolgate_en_gate_8/O
                         net (fo=1, routed)           3.704    14.635    u_ifm_bank/u_ping_bram/mem_reg_0_3_ENARDEN_cooolgate_en_sig_5
    RAMB36_X1Y23         RAMB36E1                                     r  u_ifm_bank/u_ping_bram/mem_reg_0_3/ENARDEN
  -------------------------------------------------------------------    -------------------

                         (clock clk rise edge)        0.000     0.000 r  
    AA9                                               0.000     0.000 r  clk (IN)
                         net (fo=0)                   0.000     0.000    clk
    AA9                  IBUF (Prop_ibuf_I_O)         0.549     0.549 r  clk_IBUF_inst/O
                         net (fo=1, routed)           2.022     2.571    clk_IBUF
    BUFGCTRL_X0Y0        BUFG (Prop_bufg_I_O)         0.113     2.684 r  clk_IBUF_BUFG_inst/O
                         net (fo=463, routed)         1.301     3.984    u_ifm_bank/u_ping_bram/clk_IBUF_BUFG
    RAMB36_X1Y23         RAMB36E1                                     r  u_ifm_bank/u_ping_bram/mem_reg_0_3/CLKARDCLK

Slack:                    inf
  Source:                 host_sel_i[3]
                            (input port)
  Destination:            u_ifm_bank/u_pong_bram/mem_reg_0_5/ENARDEN
                            (rising edge-triggered cell RAMB36E1 clocked by clk  {rise@0.000ns fall@10.000ns period=20.000ns})
  Path Group:             (none)
  Path Type:              Setup (Max at Slow Process Corner)
  Data Path Delay:        14.560ns  (logic 0.944ns (6.484%)  route 13.616ns (93.516%))
  Logic Levels:           3  (IBUF=1 LUT3=1 LUT6=1)
  Clock Path Skew:        3.991ns (DCD - SCD + CPR)
    Destination Clock Delay (DCD):    3.991ns
    Source Clock Delay      (SCD):    0.000ns
    Clock Pessimism Removal (CPR):    0.000ns
  Clock Uncertainty:      0.025ns  ((TSJ^2 + TIJ^2)^1/2 + DJ) / 2 + PE
    Total System Jitter     (TSJ):    0.050ns
    Total Input Jitter      (TIJ):    0.000ns
    Discrete Jitter          (DJ):    0.000ns
    Phase Error              (PE):    0.000ns

    Location             Delay type                Incr(ns)  Path(ns)    Netlist Resource(s)
  -------------------------------------------------------------------    -------------------
    H8                                                0.000     0.000 f  host_sel_i[3] (IN)
                         net (fo=0)                   0.000     0.000    host_sel_i[3]
    H8                   IBUF (Prop_ibuf_I_O)         0.835     0.835 f  host_sel_i_IBUF[3]_inst/O
                         net (fo=137, routed)         8.353     9.188    u_ifm_bank/u_pong_bram/host_sel_i_IBUF[3]
    SLICE_X24Y41         LUT6 (Prop_lut6_I4_O)        0.053     9.241 r  u_ifm_bank/u_pong_bram/mem_reg_0_0_i_1__1/O
                         net (fo=17, routed)          3.430    12.671    u_ifm_bank/u_pong_bram/pong_host_en
    SLICE_X44Y36         LUT3 (Prop_lut3_I2_O)        0.056    12.727 r  u_ifm_bank/u_pong_bram/mem_reg_0_5_ENARDEN_cooolgate_en_gate_29/O
                         net (fo=1, routed)           1.833    14.560    u_ifm_bank/u_pong_bram/mem_reg_0_5_ENARDEN_cooolgate_en_sig_16
    RAMB36_X2Y18         RAMB36E1                                     r  u_ifm_bank/u_pong_bram/mem_reg_0_5/ENARDEN
  -------------------------------------------------------------------    -------------------

                         (clock clk rise edge)        0.000     0.000 r  
    AA9                                               0.000     0.000 r  clk (IN)
                         net (fo=0)                   0.000     0.000    clk
    AA9                  IBUF (Prop_ibuf_I_O)         0.549     0.549 r  clk_IBUF_inst/O
                         net (fo=1, routed)           2.022     2.571    clk_IBUF
    BUFGCTRL_X0Y0        BUFG (Prop_bufg_I_O)         0.113     2.684 r  clk_IBUF_BUFG_inst/O
                         net (fo=463, routed)         1.308     3.991    u_ifm_bank/u_pong_bram/clk_IBUF_BUFG
    RAMB36_X2Y18         RAMB36E1                                     r  u_ifm_bank/u_pong_bram/mem_reg_0_5/CLKARDCLK

Slack:                    inf
  Source:                 host_sel_i[3]
                            (input port)
  Destination:            u_ifm_bank/u_pong_bram/mem_reg_1_5/ENARDEN
                            (rising edge-triggered cell RAMB36E1 clocked by clk  {rise@0.000ns fall@10.000ns period=20.000ns})
  Path Group:             (none)
  Path Type:              Setup (Max at Slow Process Corner)
  Data Path Delay:        14.361ns  (logic 0.888ns (6.184%)  route 13.473ns (93.816%))
  Logic Levels:           2  (IBUF=1 LUT6=1)
  Clock Path Skew:        3.992ns (DCD - SCD + CPR)
    Destination Clock Delay (DCD):    3.992ns
    Source Clock Delay      (SCD):    0.000ns
    Clock Pessimism Removal (CPR):    0.000ns
  Clock Uncertainty:      0.025ns  ((TSJ^2 + TIJ^2)^1/2 + DJ) / 2 + PE
    Total System Jitter     (TSJ):    0.050ns
    Total Input Jitter      (TIJ):    0.000ns
    Discrete Jitter          (DJ):    0.000ns
    Phase Error              (PE):    0.000ns

    Location             Delay type                Incr(ns)  Path(ns)    Netlist Resource(s)
  -------------------------------------------------------------------    -------------------
    H8                                                0.000     0.000 f  host_sel_i[3] (IN)
                         net (fo=0)                   0.000     0.000    host_sel_i[3]
    H8                   IBUF (Prop_ibuf_I_O)         0.835     0.835 f  host_sel_i_IBUF[3]_inst/O
                         net (fo=137, routed)         8.353     9.188    u_ifm_bank/u_pong_bram/host_sel_i_IBUF[3]
    SLICE_X24Y41         LUT6 (Prop_lut6_I4_O)        0.053     9.241 r  u_ifm_bank/u_pong_bram/mem_reg_0_0_i_1__1/O
                         net (fo=17, routed)          5.120    14.361    u_ifm_bank/u_pong_bram/pong_host_en
    RAMB36_X2Y19         RAMB36E1                                     r  u_ifm_bank/u_pong_bram/mem_reg_1_5/ENARDEN
  -------------------------------------------------------------------    -------------------

                         (clock clk rise edge)        0.000     0.000 r  
    AA9                                               0.000     0.000 r  clk (IN)
                         net (fo=0)                   0.000     0.000    clk
    AA9                  IBUF (Prop_ibuf_I_O)         0.549     0.549 r  clk_IBUF_inst/O
                         net (fo=1, routed)           2.022     2.571    clk_IBUF
    BUFGCTRL_X0Y0        BUFG (Prop_bufg_I_O)         0.113     2.684 r  clk_IBUF_BUFG_inst/O
                         net (fo=463, routed)         1.309     3.992    u_ifm_bank/u_pong_bram/clk_IBUF_BUFG
    RAMB36_X2Y19         RAMB36E1                                     r  u_ifm_bank/u_pong_bram/mem_reg_1_5/CLKARDCLK

Slack:                    inf
  Source:                 host_sel_i[3]
                            (input port)
  Destination:            u_ifm_bank/u_pong_bram/mem_reg_0_6/ENARDEN
                            (rising edge-triggered cell RAMB36E1 clocked by clk  {rise@0.000ns fall@10.000ns period=20.000ns})
  Path Group:             (none)
  Path Type:              Setup (Max at Slow Process Corner)
  Data Path Delay:        13.786ns  (logic 0.954ns (6.920%)  route 12.832ns (93.080%))
  Logic Levels:           3  (IBUF=1 LUT3=1 LUT6=1)
  Clock Path Skew:        3.991ns (DCD - SCD + CPR)
    Destination Clock Delay (DCD):    3.991ns
    Source Clock Delay      (SCD):    0.000ns
    Clock Pessimism Removal (CPR):    0.000ns
  Clock Uncertainty:      0.025ns  ((TSJ^2 + TIJ^2)^1/2 + DJ) / 2 + PE
    Total System Jitter     (TSJ):    0.050ns
    Total Input Jitter      (TIJ):    0.000ns
    Discrete Jitter          (DJ):    0.000ns
    Phase Error              (PE):    0.000ns

    Location             Delay type                Incr(ns)  Path(ns)    Netlist Resource(s)
  -------------------------------------------------------------------    -------------------
    H8                                                0.000     0.000 f  host_sel_i[3] (IN)
                         net (fo=0)                   0.000     0.000    host_sel_i[3]
    H8                   IBUF (Prop_ibuf_I_O)         0.835     0.835 f  host_sel_i_IBUF[3]_inst/O
                         net (fo=137, routed)         8.353     9.188    u_ifm_bank/u_pong_bram/host_sel_i_IBUF[3]
    SLICE_X24Y41         LUT6 (Prop_lut6_I4_O)        0.053     9.241 r  u_ifm_bank/u_pong_bram/mem_reg_0_0_i_1__1/O
                         net (fo=17, routed)          3.733    12.973    u_ifm_bank/u_pong_bram/pong_host_en
    SLICE_X44Y41         LUT3 (Prop_lut3_I2_O)        0.066    13.039 r  u_ifm_bank/u_pong_bram/mem_reg_0_6_ENARDEN_cooolgate_en_gate_31/O
                         net (fo=1, routed)           0.747    13.786    u_ifm_bank/u_pong_bram/mem_reg_0_6_ENARDEN_cooolgate_en_sig_17
    RAMB36_X2Y10         RAMB36E1                                     r  u_ifm_bank/u_pong_bram/mem_reg_0_6/ENARDEN
  -------------------------------------------------------------------    -------------------

                         (clock clk rise edge)        0.000     0.000 r  
    AA9                                               0.000     0.000 r  clk (IN)
                         net (fo=0)                   0.000     0.000    clk
    AA9                  IBUF (Prop_ibuf_I_O)         0.549     0.549 r  clk_IBUF_inst/O
                         net (fo=1, routed)           2.022     2.571    clk_IBUF
    BUFGCTRL_X0Y0        BUFG (Prop_bufg_I_O)         0.113     2.684 r  clk_IBUF_BUFG_inst/O
                         net (fo=463, routed)         1.308     3.991    u_ifm_bank/u_pong_bram/clk_IBUF_BUFG
    RAMB36_X2Y10         RAMB36E1                                     r  u_ifm_bank/u_pong_bram/mem_reg_0_6/CLKARDCLK

Slack:                    inf
  Source:                 host_sel_i[3]
                            (input port)
  Destination:            u_weight_bank/u_weight_bram/mem_reg_0_7/WEA[0]
                            (rising edge-triggered cell RAMB36E1 clocked by clk  {rise@0.000ns fall@10.000ns period=20.000ns})
  Path Group:             (none)
  Path Type:              Setup (Max at Slow Process Corner)
  Data Path Delay:        13.536ns  (logic 0.888ns (6.560%)  route 12.648ns (93.440%))
  Logic Levels:           2  (IBUF=1 LUT5=1)
  Clock Path Skew:        3.983ns (DCD - SCD + CPR)
    Destination Clock Delay (DCD):    3.983ns
    Source Clock Delay      (SCD):    0.000ns
    Clock Pessimism Removal (CPR):    0.000ns
  Clock Uncertainty:      0.025ns  ((TSJ^2 + TIJ^2)^1/2 + DJ) / 2 + PE
    Total System Jitter     (TSJ):    0.050ns
    Total Input Jitter      (TIJ):    0.000ns
    Discrete Jitter          (DJ):    0.000ns
    Phase Error              (PE):    0.000ns

    Location             Delay type                Incr(ns)  Path(ns)    Netlist Resource(s)
  -------------------------------------------------------------------    -------------------
    H8                                                0.000     0.000 f  host_sel_i[3] (IN)
                         net (fo=0)                   0.000     0.000    host_sel_i[3]
    H8                   IBUF (Prop_ibuf_I_O)         0.835     0.835 f  host_sel_i_IBUF[3]_inst/O
                         net (fo=137, routed)        10.256    11.091    u_weight_bank/u_weight_bram/host_sel_i_IBUF[3]
    SLICE_X8Y30          LUT5 (Prop_lut5_I1_O)        0.053    11.144 r  u_weight_bank/u_weight_bram/mem_reg_0_7_i_1__1/O
                         net (fo=1, routed)           2.392    13.536    u_weight_bank/u_weight_bram/mem_reg_0_7_i_1__1_n_0
    RAMB36_X0Y25         RAMB36E1                                     r  u_weight_bank/u_weight_bram/mem_reg_0_7/WEA[0]
  -------------------------------------------------------------------    -------------------

                         (clock clk rise edge)        0.000     0.000 r  
    AA9                                               0.000     0.000 r  clk (IN)
                         net (fo=0)                   0.000     0.000    clk
    AA9                  IBUF (Prop_ibuf_I_O)         0.549     0.549 r  clk_IBUF_inst/O
                         net (fo=1, routed)           2.022     2.571    clk_IBUF
    BUFGCTRL_X0Y0        BUFG (Prop_bufg_I_O)         0.113     2.684 r  clk_IBUF_BUFG_inst/O
                         net (fo=463, routed)         1.300     3.983    u_weight_bank/u_weight_bram/clk_IBUF_BUFG
    RAMB36_X0Y25         RAMB36E1                                     r  u_weight_bank/u_weight_bram/mem_reg_0_7/CLKARDCLK

Slack:                    inf
  Source:                 host_addr_i[15]
                            (input port)
  Destination:            u_weight_bank/u_weight_bram/mem_reg_0_2/ENARDEN
                            (rising edge-triggered cell RAMB36E1 clocked by clk  {rise@0.000ns fall@10.000ns period=20.000ns})
  Path Group:             (none)
  Path Type:              Setup (Max at Slow Process Corner)
  Data Path Delay:        13.512ns  (logic 0.906ns (6.704%)  route 12.606ns (93.296%))
  Logic Levels:           2  (IBUF=1 LUT3=1)
  Clock Path Skew:        4.199ns (DCD - SCD + CPR)
    Destination Clock Delay (DCD):    4.199ns
    Source Clock Delay      (SCD):    0.000ns
    Clock Pessimism Removal (CPR):    0.000ns
  Clock Uncertainty:      0.025ns  ((TSJ^2 + TIJ^2)^1/2 + DJ) / 2 + PE
    Total System Jitter     (TSJ):    0.050ns
    Total Input Jitter      (TIJ):    0.000ns
    Discrete Jitter          (DJ):    0.000ns
    Phase Error              (PE):    0.000ns

    Location             Delay type                Incr(ns)  Path(ns)    Netlist Resource(s)
  -------------------------------------------------------------------    -------------------
    B16                                               0.000     0.000 f  host_addr_i[15] (IN)
                         net (fo=0)                   0.000     0.000    host_addr_i[15]
    B16                  IBUF (Prop_ibuf_I_O)         0.853     0.853 f  host_addr_i_IBUF[15]_inst/O
                         net (fo=120, routed)        11.858    12.711    u_weight_bank/u_weight_bram/a_addr_i[15]
    SLICE_X8Y12          LUT3 (Prop_lut3_I1_O)        0.053    12.764 r  u_weight_bank/u_weight_bram/mem_reg_0_2_ENARDEN_cooolgate_en_gate_74/O
                         net (fo=1, routed)           0.748    13.512    u_weight_bank/u_weight_bram/mem_reg_0_2_ENARDEN_cooolgate_en_sig_40
    RAMB36_X0Y0          RAMB36E1                                     r  u_weight_bank/u_weight_bram/mem_reg_0_2/ENARDEN
  -------------------------------------------------------------------    -------------------

                         (clock clk rise edge)        0.000     0.000 r  
    AA9                                               0.000     0.000 r  clk (IN)
                         net (fo=0)                   0.000     0.000    clk
    AA9                  IBUF (Prop_ibuf_I_O)         0.549     0.549 r  clk_IBUF_inst/O
                         net (fo=1, routed)           2.022     2.571    clk_IBUF
    BUFGCTRL_X0Y0        BUFG (Prop_bufg_I_O)         0.113     2.684 r  clk_IBUF_BUFG_inst/O
                         net (fo=463, routed)         1.516     4.199    u_weight_bank/u_weight_bram/clk_IBUF_BUFG
    RAMB36_X0Y0          RAMB36E1                                     r  u_weight_bank/u_weight_bram/mem_reg_0_2/CLKARDCLK

Slack:                    inf
  Source:                 host_sel_i[2]
                            (input port)
  Destination:            u_weight_bank/u_weight_bram/mem_reg_1_1/ENARDEN
                            (rising edge-triggered cell RAMB36E1 clocked by clk  {rise@0.000ns fall@10.000ns period=20.000ns})
  Path Group:             (none)
  Path Type:              Setup (Max at Slow Process Corner)
  Data Path Delay:        13.467ns  (logic 0.879ns (6.529%)  route 12.588ns (93.471%))
  Logic Levels:           2  (IBUF=1 LUT6=1)
  Clock Path Skew:        3.986ns (DCD - SCD + CPR)
    Destination Clock Delay (DCD):    3.986ns
    Source Clock Delay      (SCD):    0.000ns
    Clock Pessimism Removal (CPR):    0.000ns
  Clock Uncertainty:      0.025ns  ((TSJ^2 + TIJ^2)^1/2 + DJ) / 2 + PE
    Total System Jitter     (TSJ):    0.050ns
    Total Input Jitter      (TIJ):    0.000ns
    Discrete Jitter          (DJ):    0.000ns
    Phase Error              (PE):    0.000ns

    Location             Delay type                Incr(ns)  Path(ns)    Netlist Resource(s)
  -------------------------------------------------------------------    -------------------
    G10                                               0.000     0.000 f  host_sel_i[2] (IN)
                         net (fo=0)                   0.000     0.000    host_sel_i[2]
    G10                  IBUF (Prop_ibuf_I_O)         0.826     0.826 f  host_sel_i_IBUF[2]_inst/O
                         net (fo=138, routed)         8.439     9.265    u_weight_bank/u_weight_bram/host_sel_i_IBUF[2]
    SLICE_X20Y40         LUT6 (Prop_lut6_I3_O)        0.053     9.318 r  u_weight_bank/u_weight_bram/mem_reg_0_0_i_1__3/O
                         net (fo=17, routed)          4.149    13.467    u_weight_bank/u_weight_bram/mem_reg_0_0_i_1__3_n_0
    RAMB36_X1Y26         RAMB36E1                                     r  u_weight_bank/u_weight_bram/mem_reg_1_1/ENARDEN
  -------------------------------------------------------------------    -------------------

                         (clock clk rise edge)        0.000     0.000 r  
    AA9                                               0.000     0.000 r  clk (IN)
                         net (fo=0)                   0.000     0.000    clk
    AA9                  IBUF (Prop_ibuf_I_O)         0.549     0.549 r  clk_IBUF_inst/O
                         net (fo=1, routed)           2.022     2.571    clk_IBUF
    BUFGCTRL_X0Y0        BUFG (Prop_bufg_I_O)         0.113     2.684 r  clk_IBUF_BUFG_inst/O
                         net (fo=463, routed)         1.303     3.986    u_weight_bank/u_weight_bram/clk_IBUF_BUFG
    RAMB36_X1Y26         RAMB36E1                                     r  u_weight_bank/u_weight_bram/mem_reg_1_1/CLKARDCLK

Slack:                    inf
  Source:                 host_sel_i[2]
                            (input port)
  Destination:            u_ofm_bank/u_ping_bram/mem_reg_0_7/ENBWREN
                            (rising edge-triggered cell RAMB36E1 clocked by clk  {rise@0.000ns fall@10.000ns period=20.000ns})
  Path Group:             (none)
  Path Type:              Setup (Max at Slow Process Corner)
  Data Path Delay:        13.431ns  (logic 0.943ns (7.023%)  route 12.487ns (92.977%))
  Logic Levels:           3  (IBUF=1 LUT3=1 LUT6=1)
  Clock Path Skew:        3.995ns (DCD - SCD + CPR)
    Destination Clock Delay (DCD):    3.995ns
    Source Clock Delay      (SCD):    0.000ns
    Clock Pessimism Removal (CPR):    0.000ns
  Clock Uncertainty:      0.025ns  ((TSJ^2 + TIJ^2)^1/2 + DJ) / 2 + PE
    Total System Jitter     (TSJ):    0.050ns
    Total Input Jitter      (TIJ):    0.000ns
    Discrete Jitter          (DJ):    0.000ns
    Phase Error              (PE):    0.000ns

    Location             Delay type                Incr(ns)  Path(ns)    Netlist Resource(s)
  -------------------------------------------------------------------    -------------------
    G10                                               0.000     0.000 r  host_sel_i[2] (IN)
                         net (fo=0)                   0.000     0.000    host_sel_i[2]
    G10                  IBUF (Prop_ibuf_I_O)         0.826     0.826 r  host_sel_i_IBUF[2]_inst/O
                         net (fo=138, routed)         7.967     8.794    u_ofm_bank/u_ping_bram/host_sel_i_IBUF[2]
    SLICE_X22Y48         LUT6 (Prop_lut6_I2_O)        0.053     8.847 r  u_ofm_bank/u_ping_bram/mem_reg_0_0_i_2__3/O
                         net (fo=17, routed)          3.946    12.793    u_ofm_bank/u_ping_bram/ping_host_en
    SLICE_X11Y91         LUT3 (Prop_lut3_I2_O)        0.064    12.857 r  u_ofm_bank/u_ping_bram/mem_reg_0_7_ENBWREN_cooolgate_en_gate_50/O
                         net (fo=1, routed)           0.574    13.431    u_ofm_bank/u_ping_bram/mem_reg_0_7_ENBWREN_cooolgate_en_sig_27
    RAMB36_X0Y20         RAMB36E1                                     r  u_ofm_bank/u_ping_bram/mem_reg_0_7/ENBWREN
  -------------------------------------------------------------------    -------------------

                         (clock clk rise edge)        0.000     0.000 r  
    AA9                                               0.000     0.000 r  clk (IN)
                         net (fo=0)                   0.000     0.000    clk
    AA9                  IBUF (Prop_ibuf_I_O)         0.549     0.549 r  clk_IBUF_inst/O
                         net (fo=1, routed)           2.022     2.571    clk_IBUF
    BUFGCTRL_X0Y0        BUFG (Prop_bufg_I_O)         0.113     2.684 r  clk_IBUF_BUFG_inst/O
                         net (fo=463, routed)         1.312     3.995    u_ofm_bank/u_ping_bram/clk_IBUF_BUFG
    RAMB36_X0Y20         RAMB36E1                                     r  u_ofm_bank/u_ping_bram/mem_reg_0_7/CLKBWRCLK

Slack:                    inf
  Source:                 host_sel_i[3]
                            (input port)
  Destination:            u_ifm_bank/u_pong_bram/mem_reg_0_0/ENARDEN
                            (rising edge-triggered cell RAMB36E1 clocked by clk  {rise@0.000ns fall@10.000ns period=20.000ns})
  Path Group:             (none)
  Path Type:              Setup (Max at Slow Process Corner)
  Data Path Delay:        13.395ns  (logic 0.941ns (7.025%)  route 12.454ns (92.975%))
  Logic Levels:           3  (IBUF=1 LUT3=1 LUT6=1)
  Clock Path Skew:        4.185ns (DCD - SCD + CPR)
    Destination Clock Delay (DCD):    4.185ns
    Source Clock Delay      (SCD):    0.000ns
    Clock Pessimism Removal (CPR):    0.000ns
  Clock Uncertainty:      0.025ns  ((TSJ^2 + TIJ^2)^1/2 + DJ) / 2 + PE
    Total System Jitter     (TSJ):    0.050ns
    Total Input Jitter      (TIJ):    0.000ns
    Discrete Jitter          (DJ):    0.000ns
    Phase Error              (PE):    0.000ns

    Location             Delay type                Incr(ns)  Path(ns)    Netlist Resource(s)
  -------------------------------------------------------------------    -------------------
    H8                                                0.000     0.000 f  host_sel_i[3] (IN)
                         net (fo=0)                   0.000     0.000    host_sel_i[3]
    H8                   IBUF (Prop_ibuf_I_O)         0.835     0.835 f  host_sel_i_IBUF[3]_inst/O
                         net (fo=137, routed)         8.353     9.188    u_ifm_bank/u_pong_bram/host_sel_i_IBUF[3]
    SLICE_X24Y41         LUT6 (Prop_lut6_I4_O)        0.053     9.241 r  u_ifm_bank/u_pong_bram/mem_reg_0_0_i_1__1/O
                         net (fo=17, routed)          3.733    12.973    u_ifm_bank/u_pong_bram/pong_host_en
    SLICE_X44Y41         LUT3 (Prop_lut3_I2_O)        0.053    13.026 r  u_ifm_bank/u_pong_bram/mem_reg_0_0_ENARDEN_cooolgate_en_gate_19/O
                         net (fo=1, routed)           0.369    13.395    u_ifm_bank/u_pong_bram/mem_reg_0_0_ENARDEN_cooolgate_en_sig_11
    RAMB36_X2Y8          RAMB36E1                                     r  u_ifm_bank/u_pong_bram/mem_reg_0_0/ENARDEN
  -------------------------------------------------------------------    -------------------

                         (clock clk rise edge)        0.000     0.000 r  
    AA9                                               0.000     0.000 r  clk (IN)
                         net (fo=0)                   0.000     0.000    clk
    AA9                  IBUF (Prop_ibuf_I_O)         0.549     0.549 r  clk_IBUF_inst/O
                         net (fo=1, routed)           2.022     2.571    clk_IBUF
    BUFGCTRL_X0Y0        BUFG (Prop_bufg_I_O)         0.113     2.684 r  clk_IBUF_BUFG_inst/O
                         net (fo=463, routed)         1.502     4.185    u_ifm_bank/u_pong_bram/clk_IBUF_BUFG
    RAMB36_X2Y8          RAMB36E1                                     r  u_ifm_bank/u_pong_bram/mem_reg_0_0/CLKARDCLK





Min Delay Paths
--------------------------------------------------------------------------------------
Slack:                    inf
  Source:                 desc_param_base_i[10]
                            (input port)
  Destination:            u_layer_desc_regs/param_base_o_reg[10]/D
                            (rising edge-triggered cell FDCE clocked by clk  {rise@0.000ns fall@10.000ns period=20.000ns})
  Path Group:             (none)
  Path Type:              Hold (Min at Fast Process Corner)
  Data Path Delay:        0.431ns  (logic 0.115ns (26.794%)  route 0.315ns (73.206%))
  Logic Levels:           1  (IBUF=1)
  Clock Path Skew:        2.033ns (DCD - SCD - CPR)
    Destination Clock Delay (DCD):    2.033ns
    Source Clock Delay      (SCD):    0.000ns
    Clock Pessimism Removal (CPR):    -0.000ns

    Location             Delay type                Incr(ns)  Path(ns)    Netlist Resource(s)
  -------------------------------------------------------------------    -------------------
    M22                                               0.000     0.000 r  desc_param_base_i[10] (IN)
                         net (fo=0)                   0.000     0.000    desc_param_base_i[10]
    M22                  IBUF (Prop_ibuf_I_O)         0.115     0.115 r  desc_param_base_i_IBUF[10]_inst/O
                         net (fo=1, routed)           0.315     0.431    u_layer_desc_regs/param_base_o_reg[11]_1[10]
    SLICE_X2Y30          FDCE                                         r  u_layer_desc_regs/param_base_o_reg[10]/D
  -------------------------------------------------------------------    -------------------

                         (clock clk rise edge)        0.000     0.000 r  
    AA9                                               0.000     0.000 r  clk (IN)
                         net (fo=0)                   0.000     0.000    clk
    AA9                  IBUF (Prop_ibuf_I_O)         0.241     0.241 r  clk_IBUF_inst/O
                         net (fo=1, routed)           0.917     1.158    clk_IBUF
    BUFGCTRL_X0Y0        BUFG (Prop_bufg_I_O)         0.030     1.188 r  clk_IBUF_BUFG_inst/O
                         net (fo=463, routed)         0.845     2.033    u_layer_desc_regs/clk_IBUF_BUFG
    SLICE_X2Y30          FDCE                                         r  u_layer_desc_regs/param_base_o_reg[10]/C

Slack:                    inf
  Source:                 desc_param_base_i[9]
                            (input port)
  Destination:            u_layer_desc_regs/param_base_o_reg[9]/D
                            (rising edge-triggered cell FDCE clocked by clk  {rise@0.000ns fall@10.000ns period=20.000ns})
  Path Group:             (none)
  Path Type:              Hold (Min at Fast Process Corner)
  Data Path Delay:        0.436ns  (logic 0.109ns (25.012%)  route 0.327ns (74.988%))
  Logic Levels:           1  (IBUF=1)
  Clock Path Skew:        2.030ns (DCD - SCD - CPR)
    Destination Clock Delay (DCD):    2.030ns
    Source Clock Delay      (SCD):    0.000ns
    Clock Pessimism Removal (CPR):    -0.000ns

    Location             Delay type                Incr(ns)  Path(ns)    Netlist Resource(s)
  -------------------------------------------------------------------    -------------------
    P23                                               0.000     0.000 r  desc_param_base_i[9] (IN)
                         net (fo=0)                   0.000     0.000    desc_param_base_i[9]
    P23                  IBUF (Prop_ibuf_I_O)         0.109     0.109 r  desc_param_base_i_IBUF[9]_inst/O
                         net (fo=1, routed)           0.327     0.436    u_layer_desc_regs/param_base_o_reg[11]_1[9]
    SLICE_X7Y28          FDCE                                         r  u_layer_desc_regs/param_base_o_reg[9]/D
  -------------------------------------------------------------------    -------------------

                         (clock clk rise edge)        0.000     0.000 r  
    AA9                                               0.000     0.000 r  clk (IN)
                         net (fo=0)                   0.000     0.000    clk
    AA9                  IBUF (Prop_ibuf_I_O)         0.241     0.241 r  clk_IBUF_inst/O
                         net (fo=1, routed)           0.917     1.158    clk_IBUF
    BUFGCTRL_X0Y0        BUFG (Prop_bufg_I_O)         0.030     1.188 r  clk_IBUF_BUFG_inst/O
                         net (fo=463, routed)         0.842     2.030    u_layer_desc_regs/clk_IBUF_BUFG
    SLICE_X7Y28          FDCE                                         r  u_layer_desc_regs/param_base_o_reg[9]/C

Slack:                    inf
  Source:                 desc_param_base_i[11]
                            (input port)
  Destination:            u_layer_desc_regs/param_base_o_reg[11]/D
                            (rising edge-triggered cell FDCE clocked by clk  {rise@0.000ns fall@10.000ns period=20.000ns})
  Path Group:             (none)
  Path Type:              Hold (Min at Fast Process Corner)
  Data Path Delay:        0.461ns  (logic 0.108ns (23.508%)  route 0.353ns (76.492%))
  Logic Levels:           1  (IBUF=1)
  Clock Path Skew:        2.033ns (DCD - SCD - CPR)
    Destination Clock Delay (DCD):    2.033ns
    Source Clock Delay      (SCD):    0.000ns
    Clock Pessimism Removal (CPR):    -0.000ns

    Location             Delay type                Incr(ns)  Path(ns)    Netlist Resource(s)
  -------------------------------------------------------------------    -------------------
    M21                                               0.000     0.000 r  desc_param_base_i[11] (IN)
                         net (fo=0)                   0.000     0.000    desc_param_base_i[11]
    M21                  IBUF (Prop_ibuf_I_O)         0.108     0.108 r  desc_param_base_i_IBUF[11]_inst/O
                         net (fo=1, routed)           0.353     0.461    u_layer_desc_regs/param_base_o_reg[11]_1[11]
    SLICE_X6Y31          FDCE                                         r  u_layer_desc_regs/param_base_o_reg[11]/D
  -------------------------------------------------------------------    -------------------

                         (clock clk rise edge)        0.000     0.000 r  
    AA9                                               0.000     0.000 r  clk (IN)
                         net (fo=0)                   0.000     0.000    clk
    AA9                  IBUF (Prop_ibuf_I_O)         0.241     0.241 r  clk_IBUF_inst/O
                         net (fo=1, routed)           0.917     1.158    clk_IBUF
    BUFGCTRL_X0Y0        BUFG (Prop_bufg_I_O)         0.030     1.188 r  clk_IBUF_BUFG_inst/O
                         net (fo=463, routed)         0.845     2.033    u_layer_desc_regs/clk_IBUF_BUFG
    SLICE_X6Y31          FDCE                                         r  u_layer_desc_regs/param_base_o_reg[11]/C

Slack:                    inf
  Source:                 desc_param_base_i[4]
                            (input port)
  Destination:            u_layer_desc_regs/param_base_o_reg[4]/D
                            (rising edge-triggered cell FDCE clocked by clk  {rise@0.000ns fall@10.000ns period=20.000ns})
  Path Group:             (none)
  Path Type:              Hold (Min at Fast Process Corner)
  Data Path Delay:        0.496ns  (logic 0.089ns (18.012%)  route 0.406ns (81.988%))
  Logic Levels:           1  (IBUF=1)
  Clock Path Skew:        2.031ns (DCD - SCD - CPR)
    Destination Clock Delay (DCD):    2.031ns
    Source Clock Delay      (SCD):    0.000ns
    Clock Pessimism Removal (CPR):    -0.000ns

    Location             Delay type                Incr(ns)  Path(ns)    Netlist Resource(s)
  -------------------------------------------------------------------    -------------------
    P21                                               0.000     0.000 r  desc_param_base_i[4] (IN)
                         net (fo=0)                   0.000     0.000    desc_param_base_i[4]
    P21                  IBUF (Prop_ibuf_I_O)         0.089     0.089 r  desc_param_base_i_IBUF[4]_inst/O
                         net (fo=1, routed)           0.406     0.496    u_layer_desc_regs/param_base_o_reg[11]_1[4]
    SLICE_X2Y28          FDCE                                         r  u_layer_desc_regs/param_base_o_reg[4]/D
  -------------------------------------------------------------------    -------------------

                         (clock clk rise edge)        0.000     0.000 r  
    AA9                                               0.000     0.000 r  clk (IN)
                         net (fo=0)                   0.000     0.000    clk
    AA9                  IBUF (Prop_ibuf_I_O)         0.241     0.241 r  clk_IBUF_inst/O
                         net (fo=1, routed)           0.917     1.158    clk_IBUF
    BUFGCTRL_X0Y0        BUFG (Prop_bufg_I_O)         0.030     1.188 r  clk_IBUF_BUFG_inst/O
                         net (fo=463, routed)         0.843     2.031    u_layer_desc_regs/clk_IBUF_BUFG
    SLICE_X2Y28          FDCE                                         r  u_layer_desc_regs/param_base_o_reg[4]/C

Slack:                    inf
  Source:                 desc_param_base_i[5]
                            (input port)
  Destination:            u_layer_desc_regs/param_base_o_reg[5]/D
                            (rising edge-triggered cell FDCE clocked by clk  {rise@0.000ns fall@10.000ns period=20.000ns})
  Path Group:             (none)
  Path Type:              Hold (Min at Fast Process Corner)
  Data Path Delay:        0.512ns  (logic 0.090ns (17.561%)  route 0.422ns (82.439%))
  Logic Levels:           1  (IBUF=1)
  Clock Path Skew:        2.031ns (DCD - SCD - CPR)
    Destination Clock Delay (DCD):    2.031ns
    Source Clock Delay      (SCD):    0.000ns
    Clock Pessimism Removal (CPR):    -0.000ns

    Location             Delay type                Incr(ns)  Path(ns)    Netlist Resource(s)
  -------------------------------------------------------------------    -------------------
    R21                                               0.000     0.000 r  desc_param_base_i[5] (IN)
                         net (fo=0)                   0.000     0.000    desc_param_base_i[5]
    R21                  IBUF (Prop_ibuf_I_O)         0.090     0.090 r  desc_param_base_i_IBUF[5]_inst/O
                         net (fo=1, routed)           0.422     0.512    u_layer_desc_regs/param_base_o_reg[11]_1[5]
    SLICE_X2Y28          FDCE                                         r  u_layer_desc_regs/param_base_o_reg[5]/D
  -------------------------------------------------------------------    -------------------

                         (clock clk rise edge)        0.000     0.000 r  
    AA9                                               0.000     0.000 r  clk (IN)
                         net (fo=0)                   0.000     0.000    clk
    AA9                  IBUF (Prop_ibuf_I_O)         0.241     0.241 r  clk_IBUF_inst/O
                         net (fo=1, routed)           0.917     1.158    clk_IBUF
    BUFGCTRL_X0Y0        BUFG (Prop_bufg_I_O)         0.030     1.188 r  clk_IBUF_BUFG_inst/O
                         net (fo=463, routed)         0.843     2.031    u_layer_desc_regs/clk_IBUF_BUFG
    SLICE_X2Y28          FDCE                                         r  u_layer_desc_regs/param_base_o_reg[5]/C

Slack:                    inf
  Source:                 desc_param_base_i[1]
                            (input port)
  Destination:            u_layer_desc_regs/param_base_o_reg[1]/D
                            (rising edge-triggered cell FDCE clocked by clk  {rise@0.000ns fall@10.000ns period=20.000ns})
  Path Group:             (none)
  Path Type:              Hold (Min at Fast Process Corner)
  Data Path Delay:        0.517ns  (logic 0.101ns (19.571%)  route 0.416ns (80.429%))
  Logic Levels:           1  (IBUF=1)
  Clock Path Skew:        2.026ns (DCD - SCD - CPR)
    Destination Clock Delay (DCD):    2.026ns
    Source Clock Delay      (SCD):    0.000ns
    Clock Pessimism Removal (CPR):    -0.000ns

    Location             Delay type                Incr(ns)  Path(ns)    Netlist Resource(s)
  -------------------------------------------------------------------    -------------------
    T24                                               0.000     0.000 r  desc_param_base_i[1] (IN)
                         net (fo=0)                   0.000     0.000    desc_param_base_i[1]
    T24                  IBUF (Prop_ibuf_I_O)         0.101     0.101 r  desc_param_base_i_IBUF[1]_inst/O
                         net (fo=1, routed)           0.416     0.517    u_layer_desc_regs/param_base_o_reg[11]_1[1]
    SLICE_X6Y25          FDCE                                         r  u_layer_desc_regs/param_base_o_reg[1]/D
  -------------------------------------------------------------------    -------------------

                         (clock clk rise edge)        0.000     0.000 r  
    AA9                                               0.000     0.000 r  clk (IN)
                         net (fo=0)                   0.000     0.000    clk
    AA9                  IBUF (Prop_ibuf_I_O)         0.241     0.241 r  clk_IBUF_inst/O
                         net (fo=1, routed)           0.917     1.158    clk_IBUF
    BUFGCTRL_X0Y0        BUFG (Prop_bufg_I_O)         0.030     1.188 r  clk_IBUF_BUFG_inst/O
                         net (fo=463, routed)         0.838     2.026    u_layer_desc_regs/clk_IBUF_BUFG
    SLICE_X6Y25          FDCE                                         r  u_layer_desc_regs/param_base_o_reg[1]/C

Slack:                    inf
  Source:                 desc_param_base_i[8]
                            (input port)
  Destination:            u_layer_desc_regs/param_base_o_reg[8]/D
                            (rising edge-triggered cell FDCE clocked by clk  {rise@0.000ns fall@10.000ns period=20.000ns})
  Path Group:             (none)
  Path Type:              Hold (Min at Fast Process Corner)
  Data Path Delay:        0.519ns  (logic 0.109ns (21.024%)  route 0.410ns (78.976%))
  Logic Levels:           1  (IBUF=1)
  Clock Path Skew:        2.030ns (DCD - SCD - CPR)
    Destination Clock Delay (DCD):    2.030ns
    Source Clock Delay      (SCD):    0.000ns
    Clock Pessimism Removal (CPR):    -0.000ns

    Location             Delay type                Incr(ns)  Path(ns)    Netlist Resource(s)
  -------------------------------------------------------------------    -------------------
    N23                                               0.000     0.000 r  desc_param_base_i[8] (IN)
                         net (fo=0)                   0.000     0.000    desc_param_base_i[8]
    N23                  IBUF (Prop_ibuf_I_O)         0.109     0.109 r  desc_param_base_i_IBUF[8]_inst/O
                         net (fo=1, routed)           0.410     0.519    u_layer_desc_regs/param_base_o_reg[11]_1[8]
    SLICE_X7Y28          FDCE                                         r  u_layer_desc_regs/param_base_o_reg[8]/D
  -------------------------------------------------------------------    -------------------

                         (clock clk rise edge)        0.000     0.000 r  
    AA9                                               0.000     0.000 r  clk (IN)
                         net (fo=0)                   0.000     0.000    clk
    AA9                  IBUF (Prop_ibuf_I_O)         0.241     0.241 r  clk_IBUF_inst/O
                         net (fo=1, routed)           0.917     1.158    clk_IBUF
    BUFGCTRL_X0Y0        BUFG (Prop_bufg_I_O)         0.030     1.188 r  clk_IBUF_BUFG_inst/O
                         net (fo=463, routed)         0.842     2.030    u_layer_desc_regs/clk_IBUF_BUFG
    SLICE_X7Y28          FDCE                                         r  u_layer_desc_regs/param_base_o_reg[8]/C

Slack:                    inf
  Source:                 desc_param_base_i[7]
                            (input port)
  Destination:            u_layer_desc_regs/param_base_o_reg[7]/D
                            (rising edge-triggered cell FDCE clocked by clk  {rise@0.000ns fall@10.000ns period=20.000ns})
  Path Group:             (none)
  Path Type:              Hold (Min at Fast Process Corner)
  Data Path Delay:        0.533ns  (logic 0.115ns (21.574%)  route 0.418ns (78.426%))
  Logic Levels:           1  (IBUF=1)
  Clock Path Skew:        2.030ns (DCD - SCD - CPR)
    Destination Clock Delay (DCD):    2.030ns
    Source Clock Delay      (SCD):    0.000ns
    Clock Pessimism Removal (CPR):    -0.000ns

    Location             Delay type                Incr(ns)  Path(ns)    Netlist Resource(s)
  -------------------------------------------------------------------    -------------------
    N21                                               0.000     0.000 r  desc_param_base_i[7] (IN)
                         net (fo=0)                   0.000     0.000    desc_param_base_i[7]
    N21                  IBUF (Prop_ibuf_I_O)         0.115     0.115 r  desc_param_base_i_IBUF[7]_inst/O
                         net (fo=1, routed)           0.418     0.533    u_layer_desc_regs/param_base_o_reg[11]_1[7]
    SLICE_X7Y28          FDCE                                         r  u_layer_desc_regs/param_base_o_reg[7]/D
  -------------------------------------------------------------------    -------------------

                         (clock clk rise edge)        0.000     0.000 r  
    AA9                                               0.000     0.000 r  clk (IN)
                         net (fo=0)                   0.000     0.000    clk
    AA9                  IBUF (Prop_ibuf_I_O)         0.241     0.241 r  clk_IBUF_inst/O
                         net (fo=1, routed)           0.917     1.158    clk_IBUF
    BUFGCTRL_X0Y0        BUFG (Prop_bufg_I_O)         0.030     1.188 r  clk_IBUF_BUFG_inst/O
                         net (fo=463, routed)         0.842     2.030    u_layer_desc_regs/clk_IBUF_BUFG
    SLICE_X7Y28          FDCE                                         r  u_layer_desc_regs/param_base_o_reg[7]/C

Slack:                    inf
  Source:                 desc_ifm_base_i[6]
                            (input port)
  Destination:            u_layer_desc_regs/ifm_base_o_reg[6]/D
                            (rising edge-triggered cell FDCE clocked by clk  {rise@0.000ns fall@10.000ns period=20.000ns})
  Path Group:             (none)
  Path Type:              Hold (Min at Fast Process Corner)
  Data Path Delay:        0.536ns  (logic 0.077ns (14.321%)  route 0.459ns (85.679%))
  Logic Levels:           1  (IBUF=1)
  Clock Path Skew:        2.032ns (DCD - SCD - CPR)
    Destination Clock Delay (DCD):    2.032ns
    Source Clock Delay      (SCD):    0.000ns
    Clock Pessimism Removal (CPR):    -0.000ns

    Location             Delay type                Incr(ns)  Path(ns)    Netlist Resource(s)
  -------------------------------------------------------------------    -------------------
    N17                                               0.000     0.000 r  desc_ifm_base_i[6] (IN)
                         net (fo=0)                   0.000     0.000    desc_ifm_base_i[6]
    N17                  IBUF (Prop_ibuf_I_O)         0.077     0.077 r  desc_ifm_base_i_IBUF[6]_inst/O
                         net (fo=1, routed)           0.459     0.536    u_layer_desc_regs/ifm_base_o_reg[15]_1[6]
    SLICE_X4Y19          FDCE                                         r  u_layer_desc_regs/ifm_base_o_reg[6]/D
  -------------------------------------------------------------------    -------------------

                         (clock clk rise edge)        0.000     0.000 r  
    AA9                                               0.000     0.000 r  clk (IN)
                         net (fo=0)                   0.000     0.000    clk
    AA9                  IBUF (Prop_ibuf_I_O)         0.241     0.241 r  clk_IBUF_inst/O
                         net (fo=1, routed)           0.917     1.158    clk_IBUF
    BUFGCTRL_X0Y0        BUFG (Prop_bufg_I_O)         0.030     1.188 r  clk_IBUF_BUFG_inst/O
                         net (fo=463, routed)         0.844     2.032    u_layer_desc_regs/clk_IBUF_BUFG
    SLICE_X4Y19          FDCE                                         r  u_layer_desc_regs/ifm_base_o_reg[6]/C

Slack:                    inf
  Source:                 host_wdata_i[7]
                            (input port)
  Destination:            u_ofm_bank/u_ping_bram/mem_reg_1_7/DIBDI[0]
                            (rising edge-triggered cell RAMB36E1 clocked by clk  {rise@0.000ns fall@10.000ns period=20.000ns})
  Path Group:             (none)
  Path Type:              Hold (Min at Fast Process Corner)
  Data Path Delay:        0.553ns  (logic 0.097ns (17.474%)  route 0.457ns (82.526%))
  Logic Levels:           1  (IBUF=1)
  Clock Path Skew:        1.963ns (DCD - SCD - CPR)
    Destination Clock Delay (DCD):    1.963ns
    Source Clock Delay      (SCD):    0.000ns
    Clock Pessimism Removal (CPR):    -0.000ns

    Location             Delay type                Incr(ns)  Path(ns)    Netlist Resource(s)
  -------------------------------------------------------------------    -------------------
    L20                                               0.000     0.000 r  host_wdata_i[7] (IN)
                         net (fo=0)                   0.000     0.000    host_wdata_i[7]
    L20                  IBUF (Prop_ibuf_I_O)         0.097     0.097 r  host_wdata_i_IBUF[7]_inst/O
                         net (fo=13, routed)          0.457     0.553    u_ofm_bank/u_ping_bram/a_wdata_i[7]
    RAMB36_X0Y21         RAMB36E1                                     r  u_ofm_bank/u_ping_bram/mem_reg_1_7/DIBDI[0]
  -------------------------------------------------------------------    -------------------

                         (clock clk rise edge)        0.000     0.000 r  
    AA9                                               0.000     0.000 r  clk (IN)
                         net (fo=0)                   0.000     0.000    clk
    AA9                  IBUF (Prop_ibuf_I_O)         0.241     0.241 r  clk_IBUF_inst/O
                         net (fo=1, routed)           0.917     1.158    clk_IBUF
    BUFGCTRL_X0Y0        BUFG (Prop_bufg_I_O)         0.030     1.188 r  clk_IBUF_BUFG_inst/O
                         net (fo=463, routed)         0.776     1.963    u_ofm_bank/u_ping_bram/clk_IBUF_BUFG
    RAMB36_X0Y21         RAMB36E1                                     r  u_ofm_bank/u_ping_bram/mem_reg_1_7/CLKBWRCLK





